dimension,k,score,count
2048,0,-0.29875001311302185,0
2048,0,-0.29625001549720764,0
2048,0,-0.29375001788139343,0
2048,0,-0.2912500202655792,0
2048,0,-0.288750022649765,0
2048,0,-0.2862500250339508,0
2048,0,-0.2837499976158142,0
2048,0,-0.28125,0
2048,0,-0.2787500023841858,0
2048,0,-0.2762500047683716,0
2048,0,-0.2737500071525574,0
2048,0,-0.27125000953674316,0
2048,0,-0.26875001192092896,0
2048,0,-0.26625001430511475,0
2048,0,-0.26375001668930054,0
2048,0,-0.26125001907348633,0
2048,0,-0.2587500214576721,0
2048,0,-0.2562500238418579,0
2048,0,-0.2537500262260437,0
2048,0,-0.2512500286102295,0
2048,0,-0.2487500011920929,0
2048,0,-0.24625001847743988,0
2048,0,-0.24375000596046448,0
2048,0,-0.24125000834465027,0
2048,0,-0.23875001072883606,0
2048,0,-0.23625001311302185,0
2048,0,-0.23375001549720764,0
2048,0,-0.23125001788139343,0
2048,0,-0.22875002026557922,0
2048,0,-0.22625000774860382,0
2048,0,-0.2237500101327896,0
2048,0,-0.2212500125169754,0
2048,0,-0.2187500149011612,0
2048,0,-0.21625001728534698,0
2048,0,-0.21375001966953278,0
2048,0,-0.21125000715255737,0
2048,0,-0.20875000953674316,0
2048,0,-0.20625001192092896,0
2048,0,-0.20375001430511475,0
2048,0,-0.20125001668930054,0
2048,0,-0.19875001907348633,0
2048,0,-0.19625002145767212,0
2048,0,-0.19375000894069672,0
2048,0,-0.1912500113248825,0
2048,0,-0.1887500137090683,0
2048,0,-0.1862500160932541,0
2048,0,-0.18375001847743988,0
2048,0,-0.18125000596046448,0
2048,0,-0.17875000834465027,0
2048,0,-0.17625001072883606,0
2048,0,-0.17375001311302185,0
2048,0,-0.17125001549720764,0
2048,0,-0.16875001788139343,0
2048,0,-0.16625002026557922,0
2048,0,-0.16375002264976501,0
2048,0,-0.1612500101327896,0
2048,0,-0.1587500125169754,0
2048,0,-0.1562500149011612,0
2048,0,-0.15375001728534698,0
2048,0,-0.15125001966953278,0
2048,0,-0.14875000715255737,0
2048,0,-0.14625000953674316,0
2048,0,-0.14375001192092896,0
2048,0,-0.14125001430511475,0
2048,0,-0.13875001668930054,0
2048,0,-0.13625001907348633,0
2048,0,-0.13375002145767212,0
2048,0,-0.1312500238418579,0
2048,0,-0.1287500113248825,0
2048,0,-0.1262500137090683,3
2048,0,-0.12375001609325409,2
2048,0,-0.12125001847743988,4
2048,0,-0.11875002086162567,17
2048,0,-0.11625001579523087,24
2048,0,-0.11375001817941666,46
2048,0,-0.11125001311302185,87
2048,0,-0.10875001549720764,138
2048,0,-0.10625001788139343,250
2048,0,-0.10375002026557922,439
2048,0,-0.10125001519918442,755
2048,0,-0.09875001758337021,1268
2048,0,-0.0962500125169754,2081
2048,0,-0.0937500149011612,3444
2048,0,-0.09125001728534698,5544
2048,0,-0.08875001966953278,8916
2048,0,-0.08625001460313797,13949
2048,0,-0.08375001698732376,21931
2048,0,-0.08125001192092896,33347
2048,0,-0.07875001430511475,50136
2048,0,-0.07625001668930054,75968
2048,0,-0.07375001907348633,111140
2048,0,-0.07125002145767212,162651
2048,0,-0.06875001639127731,232690
2048,0,-0.0662500187754631,329819
2048,0,-0.0637500137090683,463828
2048,0,-0.06125001609325409,636396
2048,0,-0.05875001847743988,868335
2048,0,-0.05625001713633537,1168682
2048,0,-0.053750015795230865,1551490
2048,0,-0.051250018179416656,2040286
2048,0,-0.04875002056360245,2631187
2048,0,-0.04625001549720764,3368082
2048,0,-0.04375001788139343,4241755
2048,0,-0.041250020265579224,5283999
2048,0,-0.03875001519918442,6490037
2048,0,-0.03625001758337021,7868180
2048,0,-0.033750019967556,9426857
2048,0,-0.03125001862645149,11138102
2048,0,-0.028750017285346985,12995155
2048,0,-0.026250017806887627,14983321
2048,0,-0.02375001832842827,17021531
2048,0,-0.02125001698732376,19123502
2048,0,-0.018750019371509552,21181500
2048,0,-0.016250018030405045,23186593
2048,0,-0.013750018551945686,25048673
2048,0,-0.011250018142163754,26709592
2048,0,-0.008750018663704395,28112779
2048,0,-0.0062500182539224625,29221464
2048,0,-0.0037500185426324606,30190410
2048,0,-0.001250018598511815,28971148
2048,0,0.0012499813456088305,31353024
2048,0,0.003749981289729476,30203083
2048,0,0.006249981001019478,29233527
2048,0,0.00874998141080141,28116285
2048,0,0.011249980889260769,26729903
2048,0,0.013749981299042702,25081689
2048,0,0.01624998077750206,23214488
2048,0,0.018749982118606567,21203676
2048,0,0.021249979734420776,19165266
2048,0,0.023749981075525284,17060855
2048,0,0.026249980553984642,15035414
2048,0,0.028749980032444,13043646
2048,0,0.031249981373548508,11181870
2048,0,0.033749982714653015,9469256
2048,0,0.036249980330467224,7914867
2048,0,0.03874997794628143,6529834
2048,0,0.04124998301267624,5322451
2048,0,0.04374998062849045,4277736
2048,0,0.04624997824430466,3396228
2048,0,0.04874998331069946,2655691
2048,0,0.05124998092651367,2060420
2048,0,0.05374997854232788,1572488
2048,0,0.05624997988343239,1186161
2048,0,0.058749981224536896,881542
2048,0,0.061249978840351105,649373
2048,0,0.06374998390674591,471710
2048,0,0.06624998152256012,336445
2048,0,0.06874997913837433,237425
2048,0,0.07124997675418854,166126
2048,0,0.07374998182058334,113899
2048,0,0.07624997943639755,77893
2048,0,0.07874998450279236,52179
2048,0,0.08124998211860657,34642
2048,0,0.08374997973442078,22597
2048,0,0.08624997735023499,14573
2048,0,0.0887499749660492,9325
2048,0,0.091249980032444,5573
2048,0,0.09374997764825821,3556
2048,0,0.09624998271465302,2216
2048,0,0.09874998033046722,1311
2048,0,0.10124997794628143,820
2048,0,0.10374997556209564,476
2048,0,0.10624998062849045,238
2048,0,0.10874997824430466,144
2048,0,0.11124998331069946,83
2048,0,0.11374998092651367,43
2048,0,0.11624997854232788,18
2048,0,0.11874997615814209,13
2048,0,0.1212499737739563,10
2048,0,0.1237499788403511,6
2048,0,0.1262499839067459,4
2048,0,0.12874998152256012,0
2048,0,0.13124997913837433,0
2048,0,0.13374997675418854,0
2048,0,0.13624997437000275,0
2048,0,0.13874998688697815,0
2048,0,0.14124998450279236,0
2048,0,0.14374998211860657,0
2048,0,0.14624997973442078,0
2048,0,0.14874997735023499,0
2048,0,0.1512499749660492,0
2048,0,0.1537499725818634,0
2048,0,0.1562499701976776,0
2048,0,0.15874998271465302,0
2048,0,0.16124998033046722,0
2048,0,0.16374997794628143,0
2048,0,0.16624997556209564,0
2048,0,0.16874997317790985,0
2048,0,0.17124998569488525,0
2048,0,0.17374998331069946,0
2048,0,0.17624998092651367,0
2048,0,0.17874997854232788,0
2048,0,0.1812499761581421,0
2048,0,0.1837499737739563,0
2048,0,0.1862499713897705,0
2048,0,0.18874996900558472,0
2048,0,0.19124998152256012,0
2048,0,0.19374997913837433,0
2048,0,0.19624997675418854,0
2048,0,0.19874998927116394,0
2048,0,0.20125000178813934,0
2048,0,0.20374999940395355,0
2048,0,0.20624999701976776,0
2048,0,0.20874999463558197,0
2048,0,0.21125000715255737,0
2048,0,0.21375000476837158,0
2048,0,0.2162500023841858,0
2048,0,0.21875,0
2048,0,0.2212499976158142,0
2048,0,0.22374999523162842,0
2048,0,0.22624999284744263,0
2048,0,0.22874999046325684,0
2048,0,0.23125000298023224,0
2048,0,0.23375000059604645,0
2048,0,0.23624999821186066,0
2048,0,0.23874999582767487,0
2048,0,0.24124999344348907,0
2048,0,0.24375000596046448,0
2048,0,0.2462500035762787,0
2048,0,0.2487500011920929,0
2048,0,0.2512499988079071,0
2048,0,0.2537499964237213,0
2048,0,0.2562499940395355,0
2048,0,0.25874999165534973,0
2048,0,0.26124998927116394,0
2048,0,0.26374998688697815,0
2048,0,0.26624998450279236,0
2048,0,0.26875001192092896,0
2048,0,0.27125000953674316,0
2048,0,0.2737500071525574,0
2048,0,0.2762500047683716,0
2048,0,0.2787500023841858,0
2048,0,0.28125,0
2048,0,0.2837499976158142,0
2048,0,0.2862499952316284,0
2048,0,0.2887499928474426,0
2048,0,0.29124999046325684,0
2048,0,0.29374998807907104,0
2048,0,0.29624998569488525,0
2048,0,0.29874998331069946,0
2048,0,0.30125001072883606,0
2048,0,0.30375000834465027,0
2048,0,0.3062500059604645,0
2048,0,0.3087500035762787,0
2048,0,0.3112500011920929,0
2048,0,0.3137499988079071,0
2048,0,0.3162499964237213,0
2048,0,0.3187499940395355,0
2048,0,0.32124999165534973,0
2048,0,0.32374998927116394,0
2048,0,0.32624998688697815,0
2048,0,0.32874998450279236,0
2048,0,0.33125001192092896,0
2048,0,0.33375000953674316,0
2048,0,0.3362500071525574,0
2048,0,0.3387500047683716,0
2048,0,0.3412500023841858,0
2048,0,0.34375,0
2048,0,0.3462499976158142,0
2048,0,0.3487499952316284,0
2048,0,0.3512499928474426,0
2048,0,0.35374999046325684,0
2048,0,0.35624998807907104,0
2048,0,0.35874998569488525,0
2048,0,0.36124998331069946,0
2048,0,0.36374998092651367,0
2048,0,0.36625000834465027,0
2048,0,0.3687500059604645,0
2048,0,0.3712500035762787,0
2048,0,0.3737500011920929,0
2048,0,0.3762499988079071,0
2048,0,0.3787499964237213,0
2048,0,0.3812499940395355,0
2048,0,0.38374999165534973,0
2048,0,0.38624998927116394,0
2048,0,0.38874998688697815,0
2048,0,0.39124998450279236,0
2048,0,0.39374998211860657,0
2048,0,0.39625000953674316,0
2048,0,0.3987500071525574,0
2048,0,0.4012500047683716,0
2048,0,0.4037500023841858,0
2048,0,0.40625,0
2048,0,0.4087499976158142,0
2048,0,0.4112499952316284,0
2048,0,0.4137499928474426,0
2048,0,0.41624999046325684,0
2048,0,0.41874998807907104,0
2048,0,0.42124998569488525,0
2048,0,0.42374998331069946,0
2048,0,0.42624998092651367,0
2048,0,0.4287499785423279,0
2048,0,0.4312500059604645,0
2048,0,0.4337500035762787,0
2048,0,0.4362500011920929,0
2048,0,0.4387499988079071,0
2048,0,0.4412499964237213,0
2048,0,0.4437499940395355,0
2048,0,0.44624999165534973,0
2048,0,0.44874998927116394,0
2048,0,0.45124998688697815,0
2048,0,0.45374998450279236,0
2048,0,0.45624998211860657,0
2048,0,0.4587499797344208,0
2048,0,0.4612500071525574,0
2048,0,0.4637500047683716,0
2048,0,0.4662500023841858,0
2048,0,0.46875,0
2048,0,0.4712499976158142,0
2048,0,0.4737499952316284,0
2048,0,0.4762499928474426,0
2048,0,0.47874999046325684,0
2048,0,0.48124998807907104,0
2048,0,0.48374998569488525,0
2048,0,0.48624998331069946,0
2048,0,0.48874998092651367,0
2048,0,0.4912499785423279,0
2048,0,0.4937500059604645,0
2048,0,0.4962500035762787,0
2048,0,0.4987500011920929,0
2048,0,0.5012500286102295,0
2048,0,0.5037499666213989,0
2048,0,0.5062500238418579,0
2048,0,0.5087499618530273,0
2048,0,0.5112500190734863,0
2048,0,0.5137499570846558,0
2048,0,0.5162500143051147,0
2048,0,0.5187499523162842,0
2048,0,0.5212500095367432,0
2048,0,0.5237499475479126,0
2048,0,0.5262500047683716,0
2048,0,0.528749942779541,0
2048,0,0.53125,0
2048,0,0.5337499380111694,0
2048,0,0.5362499952316284,0
2048,0,0.5387499332427979,0
2048,0,0.5412499904632568,0
2048,0,0.5437500476837158,0
2048,0,0.5462499856948853,0
2048,0,0.5487500429153442,0
2048,0,0.5512499809265137,0
2048,0,0.5537500381469727,0
2048,0,0.5562499761581421,0
2048,0,0.5587500333786011,0
2048,0,0.5612499713897705,0
2048,0,0.5637500286102295,0
2048,0,0.5662499666213989,0
2048,0,0.5687500238418579,0
2048,0,0.5712499618530273,0
2048,0,0.5737500190734863,0
2048,0,0.5762499570846558,0
2048,0,0.5787500143051147,0
2048,0,0.5812499523162842,0
2048,0,0.5837500095367432,0
2048,0,0.5862499475479126,0
2048,0,0.5887500047683716,0
2048,0,0.591249942779541,0
2048,0,0.59375,0
2048,0,0.5962499380111694,0
2048,0,0.5987499952316284,0
2048,0,0.6012499332427979,0
2048,0,0.6037499904632568,0
2048,0,0.6062500476837158,0
2048,0,0.6087499856948853,0
2048,0,0.6112500429153442,0
2048,0,0.6137499809265137,0
2048,0,0.6162500381469727,0
2048,0,0.6187499761581421,0
2048,0,0.6212500333786011,0
2048,0,0.6237499713897705,0
2048,0,0.6262500286102295,0
2048,0,0.6287499666213989,0
2048,0,0.6312500238418579,0
2048,0,0.6337499618530273,0
2048,0,0.6362500190734863,0
2048,0,0.6387499570846558,0
2048,0,0.6412500143051147,0
2048,0,0.6437499523162842,0
2048,0,0.6462500095367432,0
2048,0,0.6487499475479126,0
2048,0,0.6512500047683716,0
2048,0,0.653749942779541,0
2048,0,0.65625,0
2048,0,0.6587499380111694,0
2048,0,0.6612499952316284,0
2048,0,0.6637499332427979,0
2048,0,0.6662499904632568,0
2048,0,0.668749988079071,0
2048,0,0.6712499856948853,0
2048,0,0.6737500429153442,0
2048,0,0.6762499809265137,0
2048,0,0.6787500381469727,0
2048,0,0.6812499761581421,0
2048,0,0.6837500333786011,0
2048,0,0.6862499713897705,0
2048,0,0.6887500286102295,0
2048,0,0.6912499666213989,0
2048,0,0.6937500238418579,0
2048,0,0.6962499618530273,0
2048,0,0.6987500190734863,0
2048,1,-0.29875001311302185,0
2048,1,-0.29625001549720764,0
2048,1,-0.29375001788139343,0
2048,1,-0.2912500202655792,0
2048,1,-0.288750022649765,0
2048,1,-0.2862500250339508,0
2048,1,-0.2837499976158142,0
2048,1,-0.28125,0
2048,1,-0.2787500023841858,0
2048,1,-0.2762500047683716,0
2048,1,-0.2737500071525574,0
2048,1,-0.27125000953674316,0
2048,1,-0.26875001192092896,0
2048,1,-0.26625001430511475,0
2048,1,-0.26375001668930054,0
2048,1,-0.26125001907348633,0
2048,1,-0.2587500214576721,0
2048,1,-0.2562500238418579,0
2048,1,-0.2537500262260437,0
2048,1,-0.2512500286102295,0
2048,1,-0.2487500011920929,0
2048,1,-0.24625001847743988,0
2048,1,-0.24375000596046448,0
2048,1,-0.24125000834465027,0
2048,1,-0.23875001072883606,0
2048,1,-0.23625001311302185,0
2048,1,-0.23375001549720764,0
2048,1,-0.23125001788139343,0
2048,1,-0.22875002026557922,0
2048,1,-0.22625000774860382,0
2048,1,-0.2237500101327896,0
2048,1,-0.2212500125169754,0
2048,1,-0.2187500149011612,0
2048,1,-0.21625001728534698,0
2048,1,-0.21375001966953278,0
2048,1,-0.21125000715255737,0
2048,1,-0.20875000953674316,0
2048,1,-0.20625001192092896,0
2048,1,-0.20375001430511475,0
2048,1,-0.20125001668930054,0
2048,1,-0.19875001907348633,0
2048,1,-0.19625002145767212,0
2048,1,-0.19375000894069672,0
2048,1,-0.1912500113248825,0
2048,1,-0.1887500137090683,0
2048,1,-0.1862500160932541,0
2048,1,-0.18375001847743988,0
2048,1,-0.18125000596046448,0
2048,1,-0.17875000834465027,0
2048,1,-0.17625001072883606,0
2048,1,-0.17375001311302185,0
2048,1,-0.17125001549720764,0
2048,1,-0.16875001788139343,0
2048,1,-0.16625002026557922,0
2048,1,-0.16375002264976501,0
2048,1,-0.1612500101327896,0
2048,1,-0.1587500125169754,0
2048,1,-0.1562500149011612,0
2048,1,-0.15375001728534698,0
2048,1,-0.15125001966953278,0
2048,1,-0.14875000715255737,0
2048,1,-0.14625000953674316,0
2048,1,-0.14375001192092896,0
2048,1,-0.14125001430511475,0
2048,1,-0.13875001668930054,0
2048,1,-0.13625001907348633,0
2048,1,-0.13375002145767212,0
2048,1,-0.1312500238418579,0
2048,1,-0.1287500113248825,0
2048,1,-0.1262500137090683,0
2048,1,-0.12375001609325409,0
2048,1,-0.12125001847743988,0
2048,1,-0.11875002086162567,0
2048,1,-0.11625001579523087,0
2048,1,-0.11375001817941666,0
2048,1,-0.11125001311302185,0
2048,1,-0.10875001549720764,0
2048,1,-0.10625001788139343,0
2048,1,-0.10375002026557922,0
2048,1,-0.10125001519918442,0
2048,1,-0.09875001758337021,0
2048,1,-0.0962500125169754,0
2048,1,-0.0937500149011612,0
2048,1,-0.09125001728534698,0
2048,1,-0.08875001966953278,0
2048,1,-0.08625001460313797,0
2048,1,-0.08375001698732376,0
2048,1,-0.08125001192092896,0
2048,1,-0.07875001430511475,0
2048,1,-0.07625001668930054,0
2048,1,-0.07375001907348633,0
2048,1,-0.07125002145767212,0
2048,1,-0.06875001639127731,0
2048,1,-0.0662500187754631,0
2048,1,-0.0637500137090683,0
2048,1,-0.06125001609325409,0
2048,1,-0.05875001847743988,0
2048,1,-0.05625001713633537,0
2048,1,-0.053750015795230865,0
2048,1,-0.051250018179416656,0
2048,1,-0.04875002056360245,0
2048,1,-0.04625001549720764,0
2048,1,-0.04375001788139343,0
2048,1,-0.041250020265579224,0
2048,1,-0.03875001519918442,0
2048,1,-0.03625001758337021,0
2048,1,-0.033750019967556,0
2048,1,-0.03125001862645149,0
2048,1,-0.028750017285346985,0
2048,1,-0.026250017806887627,0
2048,1,-0.02375001832842827,0
2048,1,-0.02125001698732376,0
2048,1,-0.018750019371509552,0
2048,1,-0.016250018030405045,0
2048,1,-0.013750018551945686,0
2048,1,-0.011250018142163754,0
2048,1,-0.008750018663704395,0
2048,1,-0.0062500182539224625,0
2048,1,-0.0037500185426324606,0
2048,1,-0.001250018598511815,0
2048,1,0.0012499813456088305,0
2048,1,0.003749981289729476,0
2048,1,0.006249981001019478,0
2048,1,0.00874998141080141,0
2048,1,0.011249980889260769,0
2048,1,0.013749981299042702,0
2048,1,0.01624998077750206,0
2048,1,0.018749982118606567,0
2048,1,0.021249979734420776,0
2048,1,0.023749981075525284,0
2048,1,0.026249980553984642,0
2048,1,0.028749980032444,0
2048,1,0.031249981373548508,0
2048,1,0.033749982714653015,0
2048,1,0.036249980330467224,0
2048,1,0.03874997794628143,0
2048,1,0.04124998301267624,0
2048,1,0.04374998062849045,0
2048,1,0.04624997824430466,0
2048,1,0.04874998331069946,0
2048,1,0.05124998092651367,0
2048,1,0.05374997854232788,0
2048,1,0.05624997988343239,0
2048,1,0.058749981224536896,0
2048,1,0.061249978840351105,0
2048,1,0.06374998390674591,0
2048,1,0.06624998152256012,0
2048,1,0.06874997913837433,0
2048,1,0.07124997675418854,0
2048,1,0.07374998182058334,0
2048,1,0.07624997943639755,1
2048,1,0.07874998450279236,0
2048,1,0.08124998211860657,0
2048,1,0.08374997973442078,2
2048,1,0.08624997735023499,0
2048,1,0.0887499749660492,1
2048,1,0.091249980032444,9
2048,1,0.09374997764825821,11
2048,1,0.09624998271465302,24
2048,1,0.09874998033046722,40
2048,1,0.10124997794628143,71
2048,1,0.10374997556209564,124
2048,1,0.10624998062849045,204
2048,1,0.10874997824430466,366
2048,1,0.11124998331069946,586
2048,1,0.11374998092651367,1025
2048,1,0.11624997854232788,1681
2048,1,0.11874997615814209,2609
2048,1,0.1212499737739563,4105
2048,1,0.1237499788403511,6413
2048,1,0.1262499839067459,10270
2048,1,0.12874998152256012,15343
2048,1,0.13124997913837433,22666
2048,1,0.13374997675418854,33834
2048,1,0.13624997437000275,49296
2048,1,0.13874998688697815,71563
2048,1,0.14124998450279236,100585
2048,1,0.14374998211860657,140805
2048,1,0.14624997973442078,194983
2048,1,0.14874997735023499,264512
2048,1,0.1512499749660492,353857
2048,1,0.1537499725818634,468124
2048,1,0.1562499701976776,609482
2048,1,0.15874998271465302,781676
2048,1,0.16124998033046722,987660
2048,1,0.16374997794628143,1234143
2048,1,0.16624997556209564,1515795
2048,1,0.16874997317790985,1836395
2048,1,0.17124998569488525,2188909
2048,1,0.17374998331069946,2576870
2048,1,0.17624998092651367,2989604
2048,1,0.17874997854232788,3417417
2048,1,0.1812499761581421,3854128
2048,1,0.1837499737739563,4277677
2048,1,0.1862499713897705,4667141
2048,1,0.18874996900558472,5048295
2048,1,0.19124998152256012,5361579
2048,1,0.19374997913837433,5606943
2048,1,0.19624997675418854,5785011
2048,1,0.19874998927116394,5866185
2048,1,0.20125000178813934,5902771
2048,1,0.20374999940395355,5809516
2048,1,0.20624999701976776,5639420
2048,1,0.20874999463558197,5406244
2048,1,0.21125000715255737,5098965
2048,1,0.21375000476837158,4735675
2048,1,0.2162500023841858,4332476
2048,1,0.21875,3909714
2048,1,0.2212499976158142,3468653
2048,1,0.22374999523162842,3031404
2048,1,0.22624999284744263,2611660
2048,1,0.22874999046325684,2213181
2048,1,0.23125000298023224,1850934
2048,1,0.23375000059604645,1519775
2048,1,0.23624999821186066,1231517
2048,1,0.23874999582767487,980384
2048,1,0.24124999344348907,769701
2048,1,0.24375000596046448,595079
2048,1,0.2462500035762787,452079
2048,1,0.2487500011920929,335034
2048,1,0.2512499988079071,252642
2048,1,0.2537499964237213,180618
2048,1,0.2562499940395355,129543
2048,1,0.25874999165534973,90197
2048,1,0.26124998927116394,62544
2048,1,0.26374998688697815,42632
2048,1,0.26624998450279236,28624
2048,1,0.26875001192092896,18916
2048,1,0.27125000953674316,12243
2048,1,0.2737500071525574,7875
2048,1,0.2762500047683716,4849
2048,1,0.2787500023841858,2976
2048,1,0.28125,1826
2048,1,0.2837499976158142,1101
2048,1,0.2862499952316284,687
2048,1,0.2887499928474426,349
2048,1,0.29124999046325684,194
2048,1,0.29374998807907104,100
2048,1,0.29624998569488525,75
2048,1,0.29874998331069946,32
2048,1,0.30125001072883606,20
2048,1,0.30375000834465027,10
2048,1,0.3062500059604645,4
2048,1,0.3087500035762787,3
2048,1,0.3112500011920929,0
2048,1,0.3137499988079071,1
2048,1,0.3162499964237213,0
2048,1,0.3187499940395355,1
2048,1,0.32124999165534973,0
2048,1,0.32374998927116394,0
2048,1,0.32624998688697815,0
2048,1,0.32874998450279236,0
2048,1,0.33125001192092896,0
2048,1,0.33375000953674316,0
2048,1,0.3362500071525574,0
2048,1,0.3387500047683716,0
2048,1,0.3412500023841858,0
2048,1,0.34375,0
2048,1,0.3462499976158142,0
2048,1,0.3487499952316284,0
2048,1,0.3512499928474426,0
2048,1,0.35374999046325684,0
2048,1,0.35624998807907104,0
2048,1,0.35874998569488525,0
2048,1,0.36124998331069946,0
2048,1,0.36374998092651367,0
2048,1,0.36625000834465027,0
2048,1,0.3687500059604645,0
2048,1,0.3712500035762787,0
2048,1,0.3737500011920929,0
2048,1,0.3762499988079071,0
2048,1,0.3787499964237213,0
2048,1,0.3812499940395355,0
2048,1,0.38374999165534973,0
2048,1,0.38624998927116394,0
2048,1,0.38874998688697815,0
2048,1,0.39124998450279236,0
2048,1,0.39374998211860657,0
2048,1,0.39625000953674316,0
2048,1,0.3987500071525574,0
2048,1,0.4012500047683716,0
2048,1,0.4037500023841858,0
2048,1,0.40625,0
2048,1,0.4087499976158142,0
2048,1,0.4112499952316284,0
2048,1,0.4137499928474426,0
2048,1,0.41624999046325684,0
2048,1,0.41874998807907104,0
2048,1,0.42124998569488525,0
2048,1,0.42374998331069946,0
2048,1,0.42624998092651367,0
2048,1,0.4287499785423279,0
2048,1,0.4312500059604645,0
2048,1,0.4337500035762787,0
2048,1,0.4362500011920929,0
2048,1,0.4387499988079071,0
2048,1,0.4412499964237213,0
2048,1,0.4437499940395355,0
2048,1,0.44624999165534973,0
2048,1,0.44874998927116394,0
2048,1,0.45124998688697815,0
2048,1,0.45374998450279236,0
2048,1,0.45624998211860657,0
2048,1,0.4587499797344208,0
2048,1,0.4612500071525574,0
2048,1,0.4637500047683716,0
2048,1,0.4662500023841858,0
2048,1,0.46875,0
2048,1,0.4712499976158142,0
2048,1,0.4737499952316284,0
2048,1,0.4762499928474426,0
2048,1,0.47874999046325684,0
2048,1,0.48124998807907104,0
2048,1,0.48374998569488525,0
2048,1,0.48624998331069946,0
2048,1,0.48874998092651367,0
2048,1,0.4912499785423279,0
2048,1,0.4937500059604645,0
2048,1,0.4962500035762787,0
2048,1,0.4987500011920929,0
2048,1,0.5012500286102295,0
2048,1,0.5037499666213989,0
2048,1,0.5062500238418579,0
2048,1,0.5087499618530273,0
2048,1,0.5112500190734863,0
2048,1,0.5137499570846558,0
2048,1,0.5162500143051147,0
2048,1,0.5187499523162842,0
2048,1,0.5212500095367432,0
2048,1,0.5237499475479126,0
2048,1,0.5262500047683716,0
2048,1,0.528749942779541,0
2048,1,0.53125,0
2048,1,0.5337499380111694,0
2048,1,0.5362499952316284,0
2048,1,0.5387499332427979,0
2048,1,0.5412499904632568,0
2048,1,0.5437500476837158,0
2048,1,0.5462499856948853,0
2048,1,0.5487500429153442,0
2048,1,0.5512499809265137,0
2048,1,0.5537500381469727,0
2048,1,0.5562499761581421,0
2048,1,0.5587500333786011,0
2048,1,0.5612499713897705,0
2048,1,0.5637500286102295,0
2048,1,0.5662499666213989,0
2048,1,0.5687500238418579,0
2048,1,0.5712499618530273,0
2048,1,0.5737500190734863,0
2048,1,0.5762499570846558,0
2048,1,0.5787500143051147,0
2048,1,0.5812499523162842,0
2048,1,0.5837500095367432,0
2048,1,0.5862499475479126,0
2048,1,0.5887500047683716,0
2048,1,0.591249942779541,0
2048,1,0.59375,0
2048,1,0.5962499380111694,0
2048,1,0.5987499952316284,0
2048,1,0.6012499332427979,0
2048,1,0.6037499904632568,0
2048,1,0.6062500476837158,0
2048,1,0.6087499856948853,0
2048,1,0.6112500429153442,0
2048,1,0.6137499809265137,0
2048,1,0.6162500381469727,0
2048,1,0.6187499761581421,0
2048,1,0.6212500333786011,0
2048,1,0.6237499713897705,0
2048,1,0.6262500286102295,0
2048,1,0.6287499666213989,0
2048,1,0.6312500238418579,0
2048,1,0.6337499618530273,0
2048,1,0.6362500190734863,0
2048,1,0.6387499570846558,0
2048,1,0.6412500143051147,0
2048,1,0.6437499523162842,0
2048,1,0.6462500095367432,0
2048,1,0.6487499475479126,0
2048,1,0.6512500047683716,0
2048,1,0.653749942779541,0
2048,1,0.65625,0
2048,1,0.6587499380111694,0
2048,1,0.6612499952316284,0
2048,1,0.6637499332427979,0
2048,1,0.6662499904632568,0
2048,1,0.668749988079071,0
2048,1,0.6712499856948853,0
2048,1,0.6737500429153442,0
2048,1,0.6762499809265137,0
2048,1,0.6787500381469727,0
2048,1,0.6812499761581421,0
2048,1,0.6837500333786011,0
2048,1,0.6862499713897705,0
2048,1,0.6887500286102295,0
2048,1,0.6912499666213989,0
2048,1,0.6937500238418579,0
2048,1,0.6962499618530273,0
2048,1,0.6987500190734863,0
2048,2,-0.29875001311302185,0
2048,2,-0.29625001549720764,0
2048,2,-0.29375001788139343,0
2048,2,-0.2912500202655792,0
2048,2,-0.288750022649765,0
2048,2,-0.2862500250339508,0
2048,2,-0.2837499976158142,0
2048,2,-0.28125,0
2048,2,-0.2787500023841858,0
2048,2,-0.2762500047683716,0
2048,2,-0.2737500071525574,0
2048,2,-0.27125000953674316,0
2048,2,-0.26875001192092896,0
2048,2,-0.26625001430511475,0
2048,2,-0.26375001668930054,0
2048,2,-0.26125001907348633,0
2048,2,-0.2587500214576721,0
2048,2,-0.2562500238418579,0
2048,2,-0.2537500262260437,0
2048,2,-0.2512500286102295,0
2048,2,-0.2487500011920929,0
2048,2,-0.24625001847743988,0
2048,2,-0.24375000596046448,0
2048,2,-0.24125000834465027,0
2048,2,-0.23875001072883606,0
2048,2,-0.23625001311302185,0
2048,2,-0.23375001549720764,0
2048,2,-0.23125001788139343,0
2048,2,-0.22875002026557922,0
2048,2,-0.22625000774860382,0
2048,2,-0.2237500101327896,0
2048,2,-0.2212500125169754,0
2048,2,-0.2187500149011612,0
2048,2,-0.21625001728534698,0
2048,2,-0.21375001966953278,0
2048,2,-0.21125000715255737,0
2048,2,-0.20875000953674316,0
2048,2,-0.20625001192092896,0
2048,2,-0.20375001430511475,0
2048,2,-0.20125001668930054,0
2048,2,-0.19875001907348633,0
2048,2,-0.19625002145767212,0
2048,2,-0.19375000894069672,0
2048,2,-0.1912500113248825,0
2048,2,-0.1887500137090683,0
2048,2,-0.1862500160932541,0
2048,2,-0.18375001847743988,0
2048,2,-0.18125000596046448,0
2048,2,-0.17875000834465027,0
2048,2,-0.17625001072883606,0
2048,2,-0.17375001311302185,0
2048,2,-0.17125001549720764,0
2048,2,-0.16875001788139343,0
2048,2,-0.16625002026557922,0
2048,2,-0.16375002264976501,0
2048,2,-0.1612500101327896,0
2048,2,-0.1587500125169754,0
2048,2,-0.1562500149011612,0
2048,2,-0.15375001728534698,0
2048,2,-0.15125001966953278,0
2048,2,-0.14875000715255737,0
2048,2,-0.14625000953674316,0
2048,2,-0.14375001192092896,0
2048,2,-0.14125001430511475,0
2048,2,-0.13875001668930054,0
2048,2,-0.13625001907348633,0
2048,2,-0.13375002145767212,0
2048,2,-0.1312500238418579,0
2048,2,-0.1287500113248825,0
2048,2,-0.1262500137090683,0
2048,2,-0.12375001609325409,0
2048,2,-0.12125001847743988,0
2048,2,-0.11875002086162567,0
2048,2,-0.11625001579523087,0
2048,2,-0.11375001817941666,0
2048,2,-0.11125001311302185,0
2048,2,-0.10875001549720764,0
2048,2,-0.10625001788139343,0
2048,2,-0.10375002026557922,0
2048,2,-0.10125001519918442,0
2048,2,-0.09875001758337021,0
2048,2,-0.0962500125169754,0
2048,2,-0.0937500149011612,0
2048,2,-0.09125001728534698,0
2048,2,-0.08875001966953278,0
2048,2,-0.08625001460313797,0
2048,2,-0.08375001698732376,0
2048,2,-0.08125001192092896,0
2048,2,-0.07875001430511475,0
2048,2,-0.07625001668930054,0
2048,2,-0.07375001907348633,0
2048,2,-0.07125002145767212,0
2048,2,-0.06875001639127731,0
2048,2,-0.0662500187754631,0
2048,2,-0.0637500137090683,0
2048,2,-0.06125001609325409,0
2048,2,-0.05875001847743988,0
2048,2,-0.05625001713633537,0
2048,2,-0.053750015795230865,0
2048,2,-0.051250018179416656,0
2048,2,-0.04875002056360245,0
2048,2,-0.04625001549720764,0
2048,2,-0.04375001788139343,0
2048,2,-0.041250020265579224,0
2048,2,-0.03875001519918442,0
2048,2,-0.03625001758337021,0
2048,2,-0.033750019967556,0
2048,2,-0.03125001862645149,0
2048,2,-0.028750017285346985,0
2048,2,-0.026250017806887627,0
2048,2,-0.02375001832842827,0
2048,2,-0.02125001698732376,0
2048,2,-0.018750019371509552,0
2048,2,-0.016250018030405045,0
2048,2,-0.013750018551945686,0
2048,2,-0.011250018142163754,0
2048,2,-0.008750018663704395,0
2048,2,-0.0062500182539224625,0
2048,2,-0.0037500185426324606,0
2048,2,-0.001250018598511815,0
2048,2,0.0012499813456088305,0
2048,2,0.003749981289729476,0
2048,2,0.006249981001019478,0
2048,2,0.00874998141080141,0
2048,2,0.011249980889260769,0
2048,2,0.013749981299042702,0
2048,2,0.01624998077750206,0
2048,2,0.018749982118606567,0
2048,2,0.021249979734420776,0
2048,2,0.023749981075525284,0
2048,2,0.026249980553984642,0
2048,2,0.028749980032444,0
2048,2,0.031249981373548508,0
2048,2,0.033749982714653015,0
2048,2,0.036249980330467224,0
2048,2,0.03874997794628143,0
2048,2,0.04124998301267624,0
2048,2,0.04374998062849045,0
2048,2,0.04624997824430466,0
2048,2,0.04874998331069946,0
2048,2,0.05124998092651367,0
2048,2,0.05374997854232788,0
2048,2,0.05624997988343239,0
2048,2,0.058749981224536896,0
2048,2,0.061249978840351105,0
2048,2,0.06374998390674591,0
2048,2,0.06624998152256012,0
2048,2,0.06874997913837433,0
2048,2,0.07124997675418854,0
2048,2,0.07374998182058334,0
2048,2,0.07624997943639755,0
2048,2,0.07874998450279236,0
2048,2,0.08124998211860657,0
2048,2,0.08374997973442078,0
2048,2,0.08624997735023499,0
2048,2,0.0887499749660492,0
2048,2,0.091249980032444,0
2048,2,0.09374997764825821,0
2048,2,0.09624998271465302,0
2048,2,0.09874998033046722,0
2048,2,0.10124997794628143,0
2048,2,0.10374997556209564,0
2048,2,0.10624998062849045,0
2048,2,0.10874997824430466,0
2048,2,0.11124998331069946,0
2048,2,0.11374998092651367,0
2048,2,0.11624997854232788,0
2048,2,0.11874997615814209,0
2048,2,0.1212499737739563,0
2048,2,0.1237499788403511,0
2048,2,0.1262499839067459,0
2048,2,0.12874998152256012,0
2048,2,0.13124997913837433,0
2048,2,0.13374997675418854,0
2048,2,0.13624997437000275,0
2048,2,0.13874998688697815,0
2048,2,0.14124998450279236,0
2048,2,0.14374998211860657,0
2048,2,0.14624997973442078,0
2048,2,0.14874997735023499,0
2048,2,0.1512499749660492,0
2048,2,0.1537499725818634,0
2048,2,0.1562499701976776,0
2048,2,0.15874998271465302,0
2048,2,0.16124998033046722,0
2048,2,0.16374997794628143,0
2048,2,0.16624997556209564,0
2048,2,0.16874997317790985,0
2048,2,0.17124998569488525,0
2048,2,0.17374998331069946,0
2048,2,0.17624998092651367,0
2048,2,0.17874997854232788,0
2048,2,0.1812499761581421,0
2048,2,0.1837499737739563,0
2048,2,0.1862499713897705,0
2048,2,0.18874996900558472,0
2048,2,0.19124998152256012,0
2048,2,0.19374997913837433,0
2048,2,0.19624997675418854,0
2048,2,0.19874998927116394,0
2048,2,0.20125000178813934,0
2048,2,0.20374999940395355,0
2048,2,0.20624999701976776,0
2048,2,0.20874999463558197,0
2048,2,0.21125000715255737,0
2048,2,0.21375000476837158,0
2048,2,0.2162500023841858,0
2048,2,0.21875,0
2048,2,0.2212499976158142,0
2048,2,0.22374999523162842,0
2048,2,0.22624999284744263,0
2048,2,0.22874999046325684,0
2048,2,0.23125000298023224,0
2048,2,0.23375000059604645,0
2048,2,0.23624999821186066,0
2048,2,0.23874999582767487,0
2048,2,0.24124999344348907,0
2048,2,0.24375000596046448,0
2048,2,0.2462500035762787,0
2048,2,0.2487500011920929,0
2048,2,0.2512499988079071,0
2048,2,0.2537499964237213,0
2048,2,0.2562499940395355,0
2048,2,0.25874999165534973,0
2048,2,0.26124998927116394,0
2048,2,0.26374998688697815,0
2048,2,0.26624998450279236,0
2048,2,0.26875001192092896,0
2048,2,0.27125000953674316,0
2048,2,0.2737500071525574,0
2048,2,0.2762500047683716,0
2048,2,0.2787500023841858,0
2048,2,0.28125,0
2048,2,0.2837499976158142,0
2048,2,0.2862499952316284,0
2048,2,0.2887499928474426,0
2048,2,0.29124999046325684,0
2048,2,0.29374998807907104,0
2048,2,0.29624998569488525,0
2048,2,0.29874998331069946,0
2048,2,0.30125001072883606,1
2048,2,0.30375000834465027,2
2048,2,0.3062500059604645,1
2048,2,0.3087500035762787,3
2048,2,0.3112500011920929,1
2048,2,0.3137499988079071,5
2048,2,0.3162499964237213,8
2048,2,0.3187499940395355,8
2048,2,0.32124999165534973,31
2048,2,0.32374998927116394,29
2048,2,0.32624998688697815,58
2048,2,0.32874998450279236,123
2048,2,0.33125001192092896,194
2048,2,0.33375000953674316,319
2048,2,0.3362500071525574,594
2048,2,0.3387500047683716,892
2048,2,0.3412500023841858,1410
2048,2,0.34375,2245
2048,2,0.3462499976158142,3332
2048,2,0.3487499952316284,5033
2048,2,0.3512499928474426,7469
2048,2,0.35374999046325684,10792
2048,2,0.35624998807907104,15295
2048,2,0.35874998569488525,21264
2048,2,0.36124998331069946,29161
2048,2,0.36374998092651367,39144
2048,2,0.36625000834465027,51611
2048,2,0.3687500059604645,67138
2048,2,0.3712500035762787,85002
2048,2,0.3737500011920929,105962
2048,2,0.3762499988079071,129847
2048,2,0.3787499964237213,155357
2048,2,0.3812499940395355,183166
2048,2,0.38374999165534973,210068
2048,2,0.38624998927116394,237680
2048,2,0.38874998688697815,265321
2048,2,0.39124998450279236,287572
2048,2,0.39374998211860657,306298
2048,2,0.39625000953674316,319209
2048,2,0.3987500071525574,326642
2048,2,0.4012500047683716,329348
2048,2,0.4037500023841858,322066
2048,2,0.40625,309721
2048,2,0.4087499976158142,292167
2048,2,0.4112499952316284,269995
2048,2,0.4137499928474426,244640
2048,2,0.41624999046325684,215981
2048,2,0.41874998807907104,187498
2048,2,0.42124998569488525,158968
2048,2,0.42374998331069946,131545
2048,2,0.42624998092651367,106413
2048,2,0.4287499785423279,85512
2048,2,0.4312500059604645,65963
2048,2,0.4337500035762787,50034
2048,2,0.4362500011920929,37176
2048,2,0.4387499988079071,27425
2048,2,0.4412499964237213,19461
2048,2,0.4437499940395355,13221
2048,2,0.44624999165534973,9080
2048,2,0.44874998927116394,5914
2048,2,0.45124998688697815,3960
2048,2,0.45374998450279236,2479
2048,2,0.45624998211860657,1522
2048,2,0.4587499797344208,915
2048,2,0.4612500071525574,560
2048,2,0.4637500047683716,342
2048,2,0.4662500023841858,187
2048,2,0.46875,101
2048,2,0.4712499976158142,57
2048,2,0.4737499952316284,26
2048,2,0.4762499928474426,13
2048,2,0.47874999046325684,3
2048,2,0.48124998807907104,2
2048,2,0.48374998569488525,3
2048,2,0.48624998331069946,2
2048,2,0.48874998092651367,0
2048,2,0.4912499785423279,0
2048,2,0.4937500059604645,0
2048,2,0.4962500035762787,0
2048,2,0.4987500011920929,0
2048,2,0.5012500286102295,0
2048,2,0.5037499666213989,0
2048,2,0.5062500238418579,0
2048,2,0.5087499618530273,0
2048,2,0.5112500190734863,0
2048,2,0.5137499570846558,0
2048,2,0.5162500143051147,0
2048,2,0.5187499523162842,0
2048,2,0.5212500095367432,0
2048,2,0.5237499475479126,0
2048,2,0.5262500047683716,0
2048,2,0.528749942779541,0
2048,2,0.53125,0
2048,2,0.5337499380111694,0
2048,2,0.5362499952316284,0
2048,2,0.5387499332427979,0
2048,2,0.5412499904632568,0
2048,2,0.5437500476837158,0
2048,2,0.5462499856948853,0
2048,2,0.5487500429153442,0
2048,2,0.5512499809265137,0
2048,2,0.5537500381469727,0
2048,2,0.5562499761581421,0
2048,2,0.5587500333786011,0
2048,2,0.5612499713897705,0
2048,2,0.5637500286102295,0
2048,2,0.5662499666213989,0
2048,2,0.5687500238418579,0
2048,2,0.5712499618530273,0
2048,2,0.5737500190734863,0
2048,2,0.5762499570846558,0
2048,2,0.5787500143051147,0
2048,2,0.5812499523162842,0
2048,2,0.5837500095367432,0
2048,2,0.5862499475479126,0
2048,2,0.5887500047683716,0
2048,2,0.591249942779541,0
2048,2,0.59375,0
2048,2,0.5962499380111694,0
2048,2,0.5987499952316284,0
2048,2,0.6012499332427979,0
2048,2,0.6037499904632568,0
2048,2,0.6062500476837158,0
2048,2,0.6087499856948853,0
2048,2,0.6112500429153442,0
2048,2,0.6137499809265137,0
2048,2,0.6162500381469727,0
2048,2,0.6187499761581421,0
2048,2,0.6212500333786011,0
2048,2,0.6237499713897705,0
2048,2,0.6262500286102295,0
2048,2,0.6287499666213989,0
2048,2,0.6312500238418579,0
2048,2,0.6337499618530273,0
2048,2,0.6362500190734863,0
2048,2,0.6387499570846558,0
2048,2,0.6412500143051147,0
2048,2,0.6437499523162842,0
2048,2,0.6462500095367432,0
2048,2,0.6487499475479126,0
2048,2,0.6512500047683716,0
2048,2,0.653749942779541,0
2048,2,0.65625,0
2048,2,0.6587499380111694,0
2048,2,0.6612499952316284,0
2048,2,0.6637499332427979,0
2048,2,0.6662499904632568,0
2048,2,0.668749988079071,0
2048,2,0.6712499856948853,0
2048,2,0.6737500429153442,0
2048,2,0.6762499809265137,0
2048,2,0.6787500381469727,0
2048,2,0.6812499761581421,0
2048,2,0.6837500333786011,0
2048,2,0.6862499713897705,0
2048,2,0.6887500286102295,0
2048,2,0.6912499666213989,0
2048,2,0.6937500238418579,0
2048,2,0.6962499618530273,0
2048,2,0.6987500190734863,0
4096,0,-0.29875001311302185,0
4096,0,-0.29625001549720764,0
4096,0,-0.29375001788139343,0
4096,0,-0.2912500202655792,0
4096,0,-0.288750022649765,0
4096,0,-0.2862500250339508,0
4096,0,-0.2837499976158142,0
4096,0,-0.28125,0
4096,0,-0.2787500023841858,0
4096,0,-0.2762500047683716,0
4096,0,-0.2737500071525574,0
4096,0,-0.27125000953674316,0
4096,0,-0.26875001192092896,0
4096,0,-0.26625001430511475,0
4096,0,-0.26375001668930054,0
4096,0,-0.26125001907348633,0
4096,0,-0.2587500214576721,0
4096,0,-0.2562500238418579,0
4096,0,-0.2537500262260437,0
4096,0,-0.2512500286102295,0
4096,0,-0.2487500011920929,0
4096,0,-0.24625001847743988,0
4096,0,-0.24375000596046448,0
4096,0,-0.24125000834465027,0
4096,0,-0.23875001072883606,0
4096,0,-0.23625001311302185,0
4096,0,-0.23375001549720764,0
4096,0,-0.23125001788139343,0
4096,0,-0.22875002026557922,0
4096,0,-0.22625000774860382,0
4096,0,-0.2237500101327896,0
4096,0,-0.2212500125169754,0
4096,0,-0.2187500149011612,0
4096,0,-0.21625001728534698,0
4096,0,-0.21375001966953278,0
4096,0,-0.21125000715255737,0
4096,0,-0.20875000953674316,0
4096,0,-0.20625001192092896,0
4096,0,-0.20375001430511475,0
4096,0,-0.20125001668930054,0
4096,0,-0.19875001907348633,0
4096,0,-0.19625002145767212,0
4096,0,-0.19375000894069672,0
4096,0,-0.1912500113248825,0
4096,0,-0.1887500137090683,0
4096,0,-0.1862500160932541,0
4096,0,-0.18375001847743988,0
4096,0,-0.18125000596046448,0
4096,0,-0.17875000834465027,0
4096,0,-0.17625001072883606,0
4096,0,-0.17375001311302185,0
4096,0,-0.17125001549720764,0
4096,0,-0.16875001788139343,0
4096,0,-0.16625002026557922,0
4096,0,-0.16375002264976501,0
4096,0,-0.1612500101327896,0
4096,0,-0.1587500125169754,0
4096,0,-0.1562500149011612,0
4096,0,-0.15375001728534698,0
4096,0,-0.15125001966953278,0
4096,0,-0.14875000715255737,0
4096,0,-0.14625000953674316,0
4096,0,-0.14375001192092896,0
4096,0,-0.14125001430511475,0
4096,0,-0.13875001668930054,0
4096,0,-0.13625001907348633,0
4096,0,-0.13375002145767212,0
4096,0,-0.1312500238418579,0
4096,0,-0.1287500113248825,0
4096,0,-0.1262500137090683,0
4096,0,-0.12375001609325409,0
4096,0,-0.12125001847743988,0
4096,0,-0.11875002086162567,0
4096,0,-0.11625001579523087,0
4096,0,-0.11375001817941666,0
4096,0,-0.11125001311302185,0
4096,0,-0.10875001549720764,0
4096,0,-0.10625001788139343,0
4096,0,-0.10375002026557922,0
4096,0,-0.10125001519918442,1
4096,0,-0.09875001758337021,0
4096,0,-0.0962500125169754,1
4096,0,-0.0937500149011612,4
4096,0,-0.09125001728534698,13
4096,0,-0.08875001966953278,13
4096,0,-0.08625001460313797,39
4096,0,-0.08375001698732376,87
4096,0,-0.08125001192092896,168
4096,0,-0.07875001430511475,385
4096,0,-0.07625001668930054,857
4096,0,-0.07375001907348633,1653
4096,0,-0.07125002145767212,3506
4096,0,-0.06875001639127731,6620
4096,0,-0.0662500187754631,12296
4096,0,-0.0637500137090683,23192
4096,0,-0.06125001609325409,41762
4096,0,-0.05875001847743988,74135
4096,0,-0.05625001713633537,127312
4096,0,-0.053750015795230865,213772
4096,0,-0.051250018179416656,350081
4096,0,-0.04875002056360245,559372
4096,0,-0.04625001549720764,877362
4096,0,-0.04375001788139343,1334587
4096,0,-0.041250020265579224,1987216
4096,0,-0.03875001519918442,2883350
4096,0,-0.03625001758337021,4088181
4096,0,-0.033750019967556,5651348
4096,0,-0.03125001862645149,7627012
4096,0,-0.028750017285346985,10049094
4096,0,-0.026250017806887627,12926252
4096,0,-0.02375001832842827,16211396
4096,0,-0.02125001698732376,19867613
4096,0,-0.018750019371509552,23737651
4096,0,-0.016250018030405045,27706205
4096,0,-0.013750018551945686,31552851
4096,0,-0.011250018142163754,35047771
4096,0,-0.008750018663704395,38027655
4096,0,-0.0062500182539224625,40255165
4096,0,-0.0037500185426324606,41621082
4096,0,-0.001250018598511815,41102353
4096,0,0.0012499813456088305,42060767
4096,0,0.003749981289729476,39643793
4096,0,0.006249981001019478,37137342
4096,0,0.00874998141080141,33943177
4096,0,0.011249980889260769,30304802
4096,0,0.013749981299042702,26383311
4096,0,0.01624998077750206,22409579
4096,0,0.018749982118606567,18568980
4096,0,0.021249979734420776,15026702
4096,0,0.023749981075525284,11842259
4096,0,0.026249980553984642,9131646
4096,0,0.028749980032444,6847932
4096,0,0.031249981373548508,5018468
4096,0,0.033749982714653015,3585375
4096,0,0.036249980330467224,2501168
4096,0,0.03874997794628143,1698874
4096,0,0.04124998301267624,1127794
4096,0,0.04374998062849045,730422
4096,0,0.04624997824430466,460884
4096,0,0.04874998331069946,281448
4096,0,0.05124998092651367,170392
4096,0,0.05374997854232788,99483
4096,0,0.05624997988343239,56736
4096,0,0.058749981224536896,31636
4096,0,0.061249978840351105,17114
4096,0,0.06374998390674591,9024
4096,0,0.06624998152256012,4638
4096,0,0.06874997913837433,2319
4096,0,0.07124997675418854,1143
4096,0,0.07374998182058334,551
4096,0,0.07624997943639755,251
4096,0,0.07874998450279236,112
4096,0,0.08124998211860657,64
4096,0,0.08374997973442078,18
4096,0,0.08624997735023499,8
4096,0,0.0887499749660492,6
4096,0,0.091249980032444,0
4096,0,0.09374997764825821,0
4096,0,0.09624998271465302,0
4096,0,0.09874998033046722,0
4096,0,0.10124997794628143,0
4096,0,0.10374997556209564,0
4096,0,0.10624998062849045,0
4096,0,0.10874997824430466,0
4096,0,0.11124998331069946,0
4096,0,0.11374998092651367,0
4096,0,0.11624997854232788,0
4096,0,0.11874997615814209,0
4096,0,0.1212499737739563,0
4096,0,0.1237499788403511,0
4096,0,0.1262499839067459,0
4096,0,0.12874998152256012,0
4096,0,0.13124997913837433,0
4096,0,0.13374997675418854,0
4096,0,0.13624997437000275,0
4096,0,0.13874998688697815,0
4096,0,0.14124998450279236,0
4096,0,0.14374998211860657,0
4096,0,0.14624997973442078,0
4096,0,0.14874997735023499,0
4096,0,0.1512499749660492,0
4096,0,0.1537499725818634,0
4096,0,0.1562499701976776,0
4096,0,0.15874998271465302,0
4096,0,0.16124998033046722,0
4096,0,0.16374997794628143,0
4096,0,0.16624997556209564,0
4096,0,0.16874997317790985,0
4096,0,0.17124998569488525,0
4096,0,0.17374998331069946,0
4096,0,0.17624998092651367,0
4096,0,0.17874997854232788,0
4096,0,0.1812499761581421,0
4096,0,0.1837499737739563,0
4096,0,0.1862499713897705,0
4096,0,0.18874996900558472,0
4096,0,0.19124998152256012,0
4096,0,0.19374997913837433,0
4096,0,0.19624997675418854,0
4096,0,0.19874998927116394,0
4096,0,0.20125000178813934,0
4096,0,0.20374999940395355,0
4096,0,0.20624999701976776,0
4096,0,0.20874999463558197,0
4096,0,0.21125000715255737,0
4096,0,0.21375000476837158,0
4096,0,0.2162500023841858,0
4096,0,0.21875,0
4096,0,0.2212499976158142,0
4096,0,0.22374999523162842,0
4096,0,0.22624999284744263,0
4096,0,0.22874999046325684,0
4096,0,0.23125000298023224,0
4096,0,0.23375000059604645,0
4096,0,0.23624999821186066,0
4096,0,0.23874999582767487,0
4096,0,0.24124999344348907,0
4096,0,0.24375000596046448,0
4096,0,0.2462500035762787,0
4096,0,0.2487500011920929,0
4096,0,0.2512499988079071,0
4096,0,0.2537499964237213,0
4096,0,0.2562499940395355,0
4096,0,0.25874999165534973,0
4096,0,0.26124998927116394,0
4096,0,0.26374998688697815,0
4096,0,0.26624998450279236,0
4096,0,0.26875001192092896,0
4096,0,0.27125000953674316,0
4096,0,0.2737500071525574,0
4096,0,0.2762500047683716,0
4096,0,0.2787500023841858,0
4096,0,0.28125,0
4096,0,0.2837499976158142,0
4096,0,0.2862499952316284,0
4096,0,0.2887499928474426,0
4096,0,0.29124999046325684,0
4096,0,0.29374998807907104,0
4096,0,0.29624998569488525,0
4096,0,0.29874998331069946,0
4096,0,0.30125001072883606,0
4096,0,0.30375000834465027,0
4096,0,0.3062500059604645,0
4096,0,0.3087500035762787,0
4096,0,0.3112500011920929,0
4096,0,0.3137499988079071,0
4096,0,0.3162499964237213,0
4096,0,0.3187499940395355,0
4096,0,0.32124999165534973,0
4096,0,0.32374998927116394,0
4096,0,0.32624998688697815,0
4096,0,0.32874998450279236,0
4096,0,0.33125001192092896,0
4096,0,0.33375000953674316,0
4096,0,0.3362500071525574,0
4096,0,0.3387500047683716,0
4096,0,0.3412500023841858,0
4096,0,0.34375,0
4096,0,0.3462499976158142,0
4096,0,0.3487499952316284,0
4096,0,0.3512499928474426,0
4096,0,0.35374999046325684,0
4096,0,0.35624998807907104,0
4096,0,0.35874998569488525,0
4096,0,0.36124998331069946,0
4096,0,0.36374998092651367,0
4096,0,0.36625000834465027,0
4096,0,0.3687500059604645,0
4096,0,0.3712500035762787,0
4096,0,0.3737500011920929,0
4096,0,0.3762499988079071,0
4096,0,0.3787499964237213,0
4096,0,0.3812499940395355,0
4096,0,0.38374999165534973,0
4096,0,0.38624998927116394,0
4096,0,0.38874998688697815,0
4096,0,0.39124998450279236,0
4096,0,0.39374998211860657,0
4096,0,0.39625000953674316,0
4096,0,0.3987500071525574,0
4096,0,0.4012500047683716,0
4096,0,0.4037500023841858,0
4096,0,0.40625,0
4096,0,0.4087499976158142,0
4096,0,0.4112499952316284,0
4096,0,0.4137499928474426,0
4096,0,0.41624999046325684,0
4096,0,0.41874998807907104,0
4096,0,0.42124998569488525,0
4096,0,0.42374998331069946,0
4096,0,0.42624998092651367,0
4096,0,0.4287499785423279,0
4096,0,0.4312500059604645,0
4096,0,0.4337500035762787,0
4096,0,0.4362500011920929,0
4096,0,0.4387499988079071,0
4096,0,0.4412499964237213,0
4096,0,0.4437499940395355,0
4096,0,0.44624999165534973,0
4096,0,0.44874998927116394,0
4096,0,0.45124998688697815,0
4096,0,0.45374998450279236,0
4096,0,0.45624998211860657,0
4096,0,0.4587499797344208,0
4096,0,0.4612500071525574,0
4096,0,0.4637500047683716,0
4096,0,0.4662500023841858,0
4096,0,0.46875,0
4096,0,0.4712499976158142,0
4096,0,0.4737499952316284,0
4096,0,0.4762499928474426,0
4096,0,0.47874999046325684,0
4096,0,0.48124998807907104,0
4096,0,0.48374998569488525,0
4096,0,0.48624998331069946,0
4096,0,0.48874998092651367,0
4096,0,0.4912499785423279,0
4096,0,0.4937500059604645,0
4096,0,0.4962500035762787,0
4096,0,0.4987500011920929,0
4096,0,0.5012500286102295,0
4096,0,0.5037499666213989,0
4096,0,0.5062500238418579,0
4096,0,0.5087499618530273,0
4096,0,0.5112500190734863,0
4096,0,0.5137499570846558,0
4096,0,0.5162500143051147,0
4096,0,0.5187499523162842,0
4096,0,0.5212500095367432,0
4096,0,0.5237499475479126,0
4096,0,0.5262500047683716,0
4096,0,0.528749942779541,0
4096,0,0.53125,0
4096,0,0.5337499380111694,0
4096,0,0.5362499952316284,0
4096,0,0.5387499332427979,0
4096,0,0.5412499904632568,0
4096,0,0.5437500476837158,0
4096,0,0.5462499856948853,0
4096,0,0.5487500429153442,0
4096,0,0.5512499809265137,0
4096,0,0.5537500381469727,0
4096,0,0.5562499761581421,0
4096,0,0.5587500333786011,0
4096,0,0.5612499713897705,0
4096,0,0.5637500286102295,0
4096,0,0.5662499666213989,0
4096,0,0.5687500238418579,0
4096,0,0.5712499618530273,0
4096,0,0.5737500190734863,0
4096,0,0.5762499570846558,0
4096,0,0.5787500143051147,0
4096,0,0.5812499523162842,0
4096,0,0.5837500095367432,0
4096,0,0.5862499475479126,0
4096,0,0.5887500047683716,0
4096,0,0.591249942779541,0
4096,0,0.59375,0
4096,0,0.5962499380111694,0
4096,0,0.5987499952316284,0
4096,0,0.6012499332427979,0
4096,0,0.6037499904632568,0
4096,0,0.6062500476837158,0
4096,0,0.6087499856948853,0
4096,0,0.6112500429153442,0
4096,0,0.6137499809265137,0
4096,0,0.6162500381469727,0
4096,0,0.6187499761581421,0
4096,0,0.6212500333786011,0
4096,0,0.6237499713897705,0
4096,0,0.6262500286102295,0
4096,0,0.6287499666213989,0
4096,0,0.6312500238418579,0
4096,0,0.6337499618530273,0
4096,0,0.6362500190734863,0
4096,0,0.6387499570846558,0
4096,0,0.6412500143051147,0
4096,0,0.6437499523162842,0
4096,0,0.6462500095367432,0
4096,0,0.6487499475479126,0
4096,0,0.6512500047683716,0
4096,0,0.653749942779541,0
4096,0,0.65625,0
4096,0,0.6587499380111694,0
4096,0,0.6612499952316284,0
4096,0,0.6637499332427979,0
4096,0,0.6662499904632568,0
4096,0,0.668749988079071,0
4096,0,0.6712499856948853,0
4096,0,0.6737500429153442,0
4096,0,0.6762499809265137,0
4096,0,0.6787500381469727,0
4096,0,0.6812499761581421,0
4096,0,0.6837500333786011,0
4096,0,0.6862499713897705,0
4096,0,0.6887500286102295,0
4096,0,0.6912499666213989,0
4096,0,0.6937500238418579,0
4096,0,0.6962499618530273,0
4096,0,0.6987500190734863,0
4096,1,-0.29875001311302185,0
4096,1,-0.29625001549720764,0
4096,1,-0.29375001788139343,0
4096,1,-0.2912500202655792,0
4096,1,-0.288750022649765,0
4096,1,-0.2862500250339508,0
4096,1,-0.2837499976158142,0
4096,1,-0.28125,0
4096,1,-0.2787500023841858,0
4096,1,-0.2762500047683716,0
4096,1,-0.2737500071525574,0
4096,1,-0.27125000953674316,0
4096,1,-0.26875001192092896,0
4096,1,-0.26625001430511475,0
4096,1,-0.26375001668930054,0
4096,1,-0.26125001907348633,0
4096,1,-0.2587500214576721,0
4096,1,-0.2562500238418579,0
4096,1,-0.2537500262260437,0
4096,1,-0.2512500286102295,0
4096,1,-0.2487500011920929,0
4096,1,-0.24625001847743988,0
4096,1,-0.24375000596046448,0
4096,1,-0.24125000834465027,0
4096,1,-0.23875001072883606,0
4096,1,-0.23625001311302185,0
4096,1,-0.23375001549720764,0
4096,1,-0.23125001788139343,0
4096,1,-0.22875002026557922,0
4096,1,-0.22625000774860382,0
4096,1,-0.2237500101327896,0
4096,1,-0.2212500125169754,0
4096,1,-0.2187500149011612,0
4096,1,-0.21625001728534698,0
4096,1,-0.21375001966953278,0
4096,1,-0.21125000715255737,0
4096,1,-0.20875000953674316,0
4096,1,-0.20625001192092896,0
4096,1,-0.20375001430511475,0
4096,1,-0.20125001668930054,0
4096,1,-0.19875001907348633,0
4096,1,-0.19625002145767212,0
4096,1,-0.19375000894069672,0
4096,1,-0.1912500113248825,0
4096,1,-0.1887500137090683,0
4096,1,-0.1862500160932541,0
4096,1,-0.18375001847743988,0
4096,1,-0.18125000596046448,0
4096,1,-0.17875000834465027,0
4096,1,-0.17625001072883606,0
4096,1,-0.17375001311302185,0
4096,1,-0.17125001549720764,0
4096,1,-0.16875001788139343,0
4096,1,-0.16625002026557922,0
4096,1,-0.16375002264976501,0
4096,1,-0.1612500101327896,0
4096,1,-0.1587500125169754,0
4096,1,-0.1562500149011612,0
4096,1,-0.15375001728534698,0
4096,1,-0.15125001966953278,0
4096,1,-0.14875000715255737,0
4096,1,-0.14625000953674316,0
4096,1,-0.14375001192092896,0
4096,1,-0.14125001430511475,0
4096,1,-0.13875001668930054,0
4096,1,-0.13625001907348633,0
4096,1,-0.13375002145767212,0
4096,1,-0.1312500238418579,0
4096,1,-0.1287500113248825,0
4096,1,-0.1262500137090683,0
4096,1,-0.12375001609325409,0
4096,1,-0.12125001847743988,0
4096,1,-0.11875002086162567,0
4096,1,-0.11625001579523087,0
4096,1,-0.11375001817941666,0
4096,1,-0.11125001311302185,0
4096,1,-0.10875001549720764,0
4096,1,-0.10625001788139343,0
4096,1,-0.10375002026557922,0
4096,1,-0.10125001519918442,0
4096,1,-0.09875001758337021,0
4096,1,-0.0962500125169754,0
4096,1,-0.0937500149011612,0
4096,1,-0.09125001728534698,0
4096,1,-0.08875001966953278,0
4096,1,-0.08625001460313797,0
4096,1,-0.08375001698732376,0
4096,1,-0.08125001192092896,0
4096,1,-0.07875001430511475,0
4096,1,-0.07625001668930054,0
4096,1,-0.07375001907348633,0
4096,1,-0.07125002145767212,0
4096,1,-0.06875001639127731,0
4096,1,-0.0662500187754631,0
4096,1,-0.0637500137090683,0
4096,1,-0.06125001609325409,0
4096,1,-0.05875001847743988,0
4096,1,-0.05625001713633537,0
4096,1,-0.053750015795230865,0
4096,1,-0.051250018179416656,0
4096,1,-0.04875002056360245,0
4096,1,-0.04625001549720764,0
4096,1,-0.04375001788139343,0
4096,1,-0.041250020265579224,0
4096,1,-0.03875001519918442,0
4096,1,-0.03625001758337021,0
4096,1,-0.033750019967556,0
4096,1,-0.03125001862645149,0
4096,1,-0.028750017285346985,0
4096,1,-0.026250017806887627,0
4096,1,-0.02375001832842827,0
4096,1,-0.02125001698732376,0
4096,1,-0.018750019371509552,0
4096,1,-0.016250018030405045,0
4096,1,-0.013750018551945686,0
4096,1,-0.011250018142163754,0
4096,1,-0.008750018663704395,0
4096,1,-0.0062500182539224625,0
4096,1,-0.0037500185426324606,0
4096,1,-0.001250018598511815,0
4096,1,0.0012499813456088305,0
4096,1,0.003749981289729476,0
4096,1,0.006249981001019478,0
4096,1,0.00874998141080141,0
4096,1,0.011249980889260769,0
4096,1,0.013749981299042702,0
4096,1,0.01624998077750206,0
4096,1,0.018749982118606567,0
4096,1,0.021249979734420776,0
4096,1,0.023749981075525284,0
4096,1,0.026249980553984642,0
4096,1,0.028749980032444,0
4096,1,0.031249981373548508,0
4096,1,0.033749982714653015,0
4096,1,0.036249980330467224,0
4096,1,0.03874997794628143,0
4096,1,0.04124998301267624,0
4096,1,0.04374998062849045,0
4096,1,0.04624997824430466,0
4096,1,0.04874998331069946,0
4096,1,0.05124998092651367,0
4096,1,0.05374997854232788,0
4096,1,0.05624997988343239,0
4096,1,0.058749981224536896,0
4096,1,0.061249978840351105,0
4096,1,0.06374998390674591,0
4096,1,0.06624998152256012,0
4096,1,0.06874997913837433,0
4096,1,0.07124997675418854,0
4096,1,0.07374998182058334,0
4096,1,0.07624997943639755,0
4096,1,0.07874998450279236,0
4096,1,0.08124998211860657,0
4096,1,0.08374997973442078,0
4096,1,0.08624997735023499,0
4096,1,0.0887499749660492,0
4096,1,0.091249980032444,0
4096,1,0.09374997764825821,0
4096,1,0.09624998271465302,0
4096,1,0.09874998033046722,0
4096,1,0.10124997794628143,0
4096,1,0.10374997556209564,0
4096,1,0.10624998062849045,0
4096,1,0.10874997824430466,0
4096,1,0.11124998331069946,1
4096,1,0.11374998092651367,0
4096,1,0.11624997854232788,0
4096,1,0.11874997615814209,3
4096,1,0.1212499737739563,9
4096,1,0.1237499788403511,25
4096,1,0.1262499839067459,72
4096,1,0.12874998152256012,143
4096,1,0.13124997913837433,276
4096,1,0.13374997675418854,578
4096,1,0.13624997437000275,1159
4096,1,0.13874998688697815,2249
4096,1,0.14124998450279236,4346
4096,1,0.14374998211860657,8344
4096,1,0.14624997973442078,14984
4096,1,0.14874997735023499,26744
4096,1,0.1512499749660492,46388
4096,1,0.1537499725818634,77373
4096,1,0.1562499701976776,127108
4096,1,0.15874998271465302,202602
4096,1,0.16124998033046722,315284
4096,1,0.16374997794628143,475722
4096,1,0.16624997556209564,698911
4096,1,0.16874997317790985,999722
4096,1,0.17124998569488525,1389166
4096,1,0.17374998331069946,1876961
4096,1,0.17624998092651367,2469113
4096,1,0.17874997854232788,3160952
4096,1,0.1812499761581421,3922548
4096,1,0.1837499737739563,4749390
4096,1,0.1862499713897705,5576578
4096,1,0.18874996900558472,6377455
4096,1,0.19124998152256012,7082401
4096,1,0.19374997913837433,7644696
4096,1,0.19624997675418854,8020663
4096,1,0.19874998927116394,8171328
4096,1,0.20125000178813934,8116596
4096,1,0.20374999940395355,7806011
4096,1,0.20624999701976776,7303926
4096,1,0.20874999463558197,6637874
4096,1,0.21125000715255737,5858451
4096,1,0.21375000476837158,5018948
4096,1,0.2162500023841858,4178307
4096,1,0.21875,3379742
4096,1,0.2212499976158142,2648023
4096,1,0.22374999523162842,2022363
4096,1,0.22624999284744263,1494227
4096,1,0.22874999046325684,1072730
4096,1,0.23125000298023224,746933
4096,1,0.23375000059604645,505303
4096,1,0.23624999821186066,331749
4096,1,0.23874999582767487,210232
4096,1,0.24124999344348907,129965
4096,1,0.24375000596046448,77520
4096,1,0.2462500035762787,44872
4096,1,0.2487500011920929,25137
4096,1,0.2512499988079071,13762
4096,1,0.2537499964237213,7200
4096,1,0.2562499940395355,3613
4096,1,0.25874999165534973,1900
4096,1,0.26124998927116394,881
4096,1,0.26374998688697815,387
4096,1,0.26624998450279236,171
4096,1,0.26875001192092896,96
4096,1,0.27125000953674316,22
4096,1,0.2737500071525574,18
4096,1,0.2762500047683716,6
4096,1,0.2787500023841858,3
4096,1,0.28125,2
4096,1,0.2837499976158142,0
4096,1,0.2862499952316284,0
4096,1,0.2887499928474426,0
4096,1,0.29124999046325684,0
4096,1,0.29374998807907104,0
4096,1,0.29624998569488525,0
4096,1,0.29874998331069946,0
4096,1,0.30125001072883606,0
4096,1,0.30375000834465027,0
4096,1,0.3062500059604645,0
4096,1,0.3087500035762787,0
4096,1,0.3112500011920929,0
4096,1,0.3137499988079071,0
4096,1,0.3162499964237213,0
4096,1,0.3187499940395355,0
4096,1,0.32124999165534973,0
4096,1,0.32374998927116394,0
4096,1,0.32624998688697815,0
4096,1,0.32874998450279236,0
4096,1,0.33125001192092896,0
4096,1,0.33375000953674316,0
4096,1,0.3362500071525574,0
4096,1,0.3387500047683716,0
4096,1,0.3412500023841858,0
4096,1,0.34375,0
4096,1,0.3462499976158142,0
4096,1,0.3487499952316284,0
4096,1,0.3512499928474426,0
4096,1,0.35374999046325684,0
4096,1,0.35624998807907104,0
4096,1,0.35874998569488525,0
4096,1,0.36124998331069946,0
4096,1,0.36374998092651367,0
4096,1,0.36625000834465027,0
4096,1,0.3687500059604645,0
4096,1,0.3712500035762787,0
4096,1,0.3737500011920929,0
4096,1,0.3762499988079071,0
4096,1,0.3787499964237213,0
4096,1,0.3812499940395355,0
4096,1,0.38374999165534973,0
4096,1,0.38624998927116394,0
4096,1,0.38874998688697815,0
4096,1,0.39124998450279236,0
4096,1,0.39374998211860657,0
4096,1,0.39625000953674316,0
4096,1,0.3987500071525574,0
4096,1,0.4012500047683716,0
4096,1,0.4037500023841858,0
4096,1,0.40625,0
4096,1,0.4087499976158142,0
4096,1,0.4112499952316284,0
4096,1,0.4137499928474426,0
4096,1,0.41624999046325684,0
4096,1,0.41874998807907104,0
4096,1,0.42124998569488525,0
4096,1,0.42374998331069946,0
4096,1,0.42624998092651367,0
4096,1,0.4287499785423279,0
4096,1,0.4312500059604645,0
4096,1,0.4337500035762787,0
4096,1,0.4362500011920929,0
4096,1,0.4387499988079071,0
4096,1,0.4412499964237213,0
4096,1,0.4437499940395355,0
4096,1,0.44624999165534973,0
4096,1,0.44874998927116394,0
4096,1,0.45124998688697815,0
4096,1,0.45374998450279236,0
4096,1,0.45624998211860657,0
4096,1,0.4587499797344208,0
4096,1,0.4612500071525574,0
4096,1,0.4637500047683716,0
4096,1,0.4662500023841858,0
4096,1,0.46875,0
4096,1,0.4712499976158142,0
4096,1,0.4737499952316284,0
4096,1,0.4762499928474426,0
4096,1,0.47874999046325684,0
4096,1,0.48124998807907104,0
4096,1,0.48374998569488525,0
4096,1,0.48624998331069946,0
4096,1,0.48874998092651367,0
4096,1,0.4912499785423279,0
4096,1,0.4937500059604645,0
4096,1,0.4962500035762787,0
4096,1,0.4987500011920929,0
4096,1,0.5012500286102295,0
4096,1,0.5037499666213989,0
4096,1,0.5062500238418579,0
4096,1,0.5087499618530273,0
4096,1,0.5112500190734863,0
4096,1,0.5137499570846558,0
4096,1,0.5162500143051147,0
4096,1,0.5187499523162842,0
4096,1,0.5212500095367432,0
4096,1,0.5237499475479126,0
4096,1,0.5262500047683716,0
4096,1,0.528749942779541,0
4096,1,0.53125,0
4096,1,0.5337499380111694,0
4096,1,0.5362499952316284,0
4096,1,0.5387499332427979,0
4096,1,0.5412499904632568,0
4096,1,0.5437500476837158,0
4096,1,0.5462499856948853,0
4096,1,0.5487500429153442,0
4096,1,0.5512499809265137,0
4096,1,0.5537500381469727,0
4096,1,0.5562499761581421,0
4096,1,0.5587500333786011,0
4096,1,0.5612499713897705,0
4096,1,0.5637500286102295,0
4096,1,0.5662499666213989,0
4096,1,0.5687500238418579,0
4096,1,0.5712499618530273,0
4096,1,0.5737500190734863,0
4096,1,0.5762499570846558,0
4096,1,0.5787500143051147,0
4096,1,0.5812499523162842,0
4096,1,0.5837500095367432,0
4096,1,0.5862499475479126,0
4096,1,0.5887500047683716,0
4096,1,0.591249942779541,0
4096,1,0.59375,0
4096,1,0.5962499380111694,0
4096,1,0.5987499952316284,0
4096,1,0.6012499332427979,0
4096,1,0.6037499904632568,0
4096,1,0.6062500476837158,0
4096,1,0.6087499856948853,0
4096,1,0.6112500429153442,0
4096,1,0.6137499809265137,0
4096,1,0.6162500381469727,0
4096,1,0.6187499761581421,0
4096,1,0.6212500333786011,0
4096,1,0.6237499713897705,0
4096,1,0.6262500286102295,0
4096,1,0.6287499666213989,0
4096,1,0.6312500238418579,0
4096,1,0.6337499618530273,0
4096,1,0.6362500190734863,0
4096,1,0.6387499570846558,0
4096,1,0.6412500143051147,0
4096,1,0.6437499523162842,0
4096,1,0.6462500095367432,0
4096,1,0.6487499475479126,0
4096,1,0.6512500047683716,0
4096,1,0.653749942779541,0
4096,1,0.65625,0
4096,1,0.6587499380111694,0
4096,1,0.6612499952316284,0
4096,1,0.6637499332427979,0
4096,1,0.6662499904632568,0
4096,1,0.668749988079071,0
4096,1,0.6712499856948853,0
4096,1,0.6737500429153442,0
4096,1,0.6762499809265137,0
4096,1,0.6787500381469727,0
4096,1,0.6812499761581421,0
4096,1,0.6837500333786011,0
4096,1,0.6862499713897705,0
4096,1,0.6887500286102295,0
4096,1,0.6912499666213989,0
4096,1,0.6937500238418579,0
4096,1,0.6962499618530273,0
4096,1,0.6987500190734863,0
4096,2,-0.29875001311302185,0
4096,2,-0.29625001549720764,0
4096,2,-0.29375001788139343,0
4096,2,-0.2912500202655792,0
4096,2,-0.288750022649765,0
4096,2,-0.2862500250339508,0
4096,2,-0.2837499976158142,0
4096,2,-0.28125,0
4096,2,-0.2787500023841858,0
4096,2,-0.2762500047683716,0
4096,2,-0.2737500071525574,0
4096,2,-0.27125000953674316,0
4096,2,-0.26875001192092896,0
4096,2,-0.26625001430511475,0
4096,2,-0.26375001668930054,0
4096,2,-0.26125001907348633,0
4096,2,-0.2587500214576721,0
4096,2,-0.2562500238418579,0
4096,2,-0.2537500262260437,0
4096,2,-0.2512500286102295,0
4096,2,-0.2487500011920929,0
4096,2,-0.24625001847743988,0
4096,2,-0.24375000596046448,0
4096,2,-0.24125000834465027,0
4096,2,-0.23875001072883606,0
4096,2,-0.23625001311302185,0
4096,2,-0.23375001549720764,0
4096,2,-0.23125001788139343,0
4096,2,-0.22875002026557922,0
4096,2,-0.22625000774860382,0
4096,2,-0.2237500101327896,0
4096,2,-0.2212500125169754,0
4096,2,-0.2187500149011612,0
4096,2,-0.21625001728534698,0
4096,2,-0.21375001966953278,0
4096,2,-0.21125000715255737,0
4096,2,-0.20875000953674316,0
4096,2,-0.20625001192092896,0
4096,2,-0.20375001430511475,0
4096,2,-0.20125001668930054,0
4096,2,-0.19875001907348633,0
4096,2,-0.19625002145767212,0
4096,2,-0.19375000894069672,0
4096,2,-0.1912500113248825,0
4096,2,-0.1887500137090683,0
4096,2,-0.1862500160932541,0
4096,2,-0.18375001847743988,0
4096,2,-0.18125000596046448,0
4096,2,-0.17875000834465027,0
4096,2,-0.17625001072883606,0
4096,2,-0.17375001311302185,0
4096,2,-0.17125001549720764,0
4096,2,-0.16875001788139343,0
4096,2,-0.16625002026557922,0
4096,2,-0.16375002264976501,0
4096,2,-0.1612500101327896,0
4096,2,-0.1587500125169754,0
4096,2,-0.1562500149011612,0
4096,2,-0.15375001728534698,0
4096,2,-0.15125001966953278,0
4096,2,-0.14875000715255737,0
4096,2,-0.14625000953674316,0
4096,2,-0.14375001192092896,0
4096,2,-0.14125001430511475,0
4096,2,-0.13875001668930054,0
4096,2,-0.13625001907348633,0
4096,2,-0.13375002145767212,0
4096,2,-0.1312500238418579,0
4096,2,-0.1287500113248825,0
4096,2,-0.1262500137090683,0
4096,2,-0.12375001609325409,0
4096,2,-0.12125001847743988,0
4096,2,-0.11875002086162567,0
4096,2,-0.11625001579523087,0
4096,2,-0.11375001817941666,0
4096,2,-0.11125001311302185,0
4096,2,-0.10875001549720764,0
4096,2,-0.10625001788139343,0
4096,2,-0.10375002026557922,0
4096,2,-0.10125001519918442,0
4096,2,-0.09875001758337021,0
4096,2,-0.0962500125169754,0
4096,2,-0.0937500149011612,0
4096,2,-0.09125001728534698,0
4096,2,-0.08875001966953278,0
4096,2,-0.08625001460313797,0
4096,2,-0.08375001698732376,0
4096,2,-0.08125001192092896,0
4096,2,-0.07875001430511475,0
4096,2,-0.07625001668930054,0
4096,2,-0.07375001907348633,0
4096,2,-0.07125002145767212,0
4096,2,-0.06875001639127731,0
4096,2,-0.0662500187754631,0
4096,2,-0.0637500137090683,0
4096,2,-0.06125001609325409,0
4096,2,-0.05875001847743988,0
4096,2,-0.05625001713633537,0
4096,2,-0.053750015795230865,0
4096,2,-0.051250018179416656,0
4096,2,-0.04875002056360245,0
4096,2,-0.04625001549720764,0
4096,2,-0.04375001788139343,0
4096,2,-0.041250020265579224,0
4096,2,-0.03875001519918442,0
4096,2,-0.03625001758337021,0
4096,2,-0.033750019967556,0
4096,2,-0.03125001862645149,0
4096,2,-0.028750017285346985,0
4096,2,-0.026250017806887627,0
4096,2,-0.02375001832842827,0
4096,2,-0.02125001698732376,0
4096,2,-0.018750019371509552,0
4096,2,-0.016250018030405045,0
4096,2,-0.013750018551945686,0
4096,2,-0.011250018142163754,0
4096,2,-0.008750018663704395,0
4096,2,-0.0062500182539224625,0
4096,2,-0.0037500185426324606,0
4096,2,-0.001250018598511815,0
4096,2,0.0012499813456088305,0
4096,2,0.003749981289729476,0
4096,2,0.006249981001019478,0
4096,2,0.00874998141080141,0
4096,2,0.011249980889260769,0
4096,2,0.013749981299042702,0
4096,2,0.01624998077750206,0
4096,2,0.018749982118606567,0
4096,2,0.021249979734420776,0
4096,2,0.023749981075525284,0
4096,2,0.026249980553984642,0
4096,2,0.028749980032444,0
4096,2,0.031249981373548508,0
4096,2,0.033749982714653015,0
4096,2,0.036249980330467224,0
4096,2,0.03874997794628143,0
4096,2,0.04124998301267624,0
4096,2,0.04374998062849045,0
4096,2,0.04624997824430466,0
4096,2,0.04874998331069946,0
4096,2,0.05124998092651367,0
4096,2,0.05374997854232788,0
4096,2,0.05624997988343239,0
4096,2,0.058749981224536896,0
4096,2,0.061249978840351105,0
4096,2,0.06374998390674591,0
4096,2,0.06624998152256012,0
4096,2,0.06874997913837433,0
4096,2,0.07124997675418854,0
4096,2,0.07374998182058334,0
4096,2,0.07624997943639755,0
4096,2,0.07874998450279236,0
4096,2,0.08124998211860657,0
4096,2,0.08374997973442078,0
4096,2,0.08624997735023499,0
4096,2,0.0887499749660492,0
4096,2,0.091249980032444,0
4096,2,0.09374997764825821,0
4096,2,0.09624998271465302,0
4096,2,0.09874998033046722,0
4096,2,0.10124997794628143,0
4096,2,0.10374997556209564,0
4096,2,0.10624998062849045,0
4096,2,0.10874997824430466,0
4096,2,0.11124998331069946,0
4096,2,0.11374998092651367,0
4096,2,0.11624997854232788,0
4096,2,0.11874997615814209,0
4096,2,0.1212499737739563,0
4096,2,0.1237499788403511,0
4096,2,0.1262499839067459,0
4096,2,0.12874998152256012,0
4096,2,0.13124997913837433,0
4096,2,0.13374997675418854,0
4096,2,0.13624997437000275,0
4096,2,0.13874998688697815,0
4096,2,0.14124998450279236,0
4096,2,0.14374998211860657,0
4096,2,0.14624997973442078,0
4096,2,0.14874997735023499,0
4096,2,0.1512499749660492,0
4096,2,0.1537499725818634,0
4096,2,0.1562499701976776,0
4096,2,0.15874998271465302,0
4096,2,0.16124998033046722,0
4096,2,0.16374997794628143,0
4096,2,0.16624997556209564,0
4096,2,0.16874997317790985,0
4096,2,0.17124998569488525,0
4096,2,0.17374998331069946,0
4096,2,0.17624998092651367,0
4096,2,0.17874997854232788,0
4096,2,0.1812499761581421,0
4096,2,0.1837499737739563,0
4096,2,0.1862499713897705,0
4096,2,0.18874996900558472,0
4096,2,0.19124998152256012,0
4096,2,0.19374997913837433,0
4096,2,0.19624997675418854,0
4096,2,0.19874998927116394,0
4096,2,0.20125000178813934,0
4096,2,0.20374999940395355,0
4096,2,0.20624999701976776,0
4096,2,0.20874999463558197,0
4096,2,0.21125000715255737,0
4096,2,0.21375000476837158,0
4096,2,0.2162500023841858,0
4096,2,0.21875,0
4096,2,0.2212499976158142,0
4096,2,0.22374999523162842,0
4096,2,0.22624999284744263,0
4096,2,0.22874999046325684,0
4096,2,0.23125000298023224,0
4096,2,0.23375000059604645,0
4096,2,0.23624999821186066,0
4096,2,0.23874999582767487,0
4096,2,0.24124999344348907,0
4096,2,0.24375000596046448,0
4096,2,0.2462500035762787,0
4096,2,0.2487500011920929,0
4096,2,0.2512499988079071,0
4096,2,0.2537499964237213,0
4096,2,0.2562499940395355,0
4096,2,0.25874999165534973,0
4096,2,0.26124998927116394,0
4096,2,0.26374998688697815,0
4096,2,0.26624998450279236,0
4096,2,0.26875001192092896,0
4096,2,0.27125000953674316,0
4096,2,0.2737500071525574,0
4096,2,0.2762500047683716,0
4096,2,0.2787500023841858,0
4096,2,0.28125,0
4096,2,0.2837499976158142,0
4096,2,0.2862499952316284,0
4096,2,0.2887499928474426,0
4096,2,0.29124999046325684,0
4096,2,0.29374998807907104,0
4096,2,0.29624998569488525,0
4096,2,0.29874998331069946,0
4096,2,0.30125001072883606,0
4096,2,0.30375000834465027,0
4096,2,0.3062500059604645,0
4096,2,0.3087500035762787,0
4096,2,0.3112500011920929,0
4096,2,0.3137499988079071,0
4096,2,0.3162499964237213,0
4096,2,0.3187499940395355,0
4096,2,0.32124999165534973,0
4096,2,0.32374998927116394,0
4096,2,0.32624998688697815,0
4096,2,0.32874998450279236,0
4096,2,0.33125001192092896,0
4096,2,0.33375000953674316,0
4096,2,0.3362500071525574,1
4096,2,0.3387500047683716,4
4096,2,0.3412500023841858,13
4096,2,0.34375,26
4096,2,0.3462499976158142,46
4096,2,0.3487499952316284,137
4096,2,0.3512499928474426,337
4096,2,0.35374999046325684,651
4096,2,0.35624998807907104,1354
4096,2,0.35874998569488525,2507
4096,2,0.36124998331069946,4563
4096,2,0.36374998092651367,8184
4096,2,0.36625000834465027,13814
4096,2,0.3687500059604645,23152
4096,2,0.3712500035762787,36333
4096,2,0.3737500011920929,55612
4096,2,0.3762499988079071,81518
4096,2,0.3787499964237213,115685
4096,2,0.3812499940395355,157052
4096,2,0.38374999165534973,205777
4096,2,0.38624998927116394,259812
4096,2,0.38874998688697815,314373
4096,2,0.39124998450279236,366729
4096,2,0.39374998211860657,411181
4096,2,0.39625000953674316,442421
4096,2,0.3987500071525574,457839
4096,2,0.4012500047683716,456594
4096,2,0.4037500023841858,437636
4096,2,0.40625,400510
4096,2,0.4087499976158142,352998
4096,2,0.4112499952316284,298730
4096,2,0.4137499928474426,243017
4096,2,0.41624999046325684,189369
4096,2,0.41874998807907104,141387
4096,2,0.42124998569488525,100686
4096,2,0.42374998331069946,68876
4096,2,0.42624998092651367,45768
4096,2,0.4287499785423279,28321
4096,2,0.4312500059604645,16759
4096,2,0.4337500035762787,9803
4096,2,0.4362500011920929,5514
4096,2,0.4387499988079071,2916
4096,2,0.4412499964237213,1408
4096,2,0.4437499940395355,628
4096,2,0.44624999165534973,316
4096,2,0.44874998927116394,133
4096,2,0.45124998688697815,59
4096,2,0.45374998450279236,21
4096,2,0.45624998211860657,9
4096,2,0.4587499797344208,6
4096,2,0.4612500071525574,2
4096,2,0.4637500047683716,0
4096,2,0.4662500023841858,0
4096,2,0.46875,0
4096,2,0.4712499976158142,0
4096,2,0.4737499952316284,0
4096,2,0.4762499928474426,0
4096,2,0.47874999046325684,0
4096,2,0.48124998807907104,0
4096,2,0.48374998569488525,0
4096,2,0.48624998331069946,0
4096,2,0.48874998092651367,0
4096,2,0.4912499785423279,0
4096,2,0.4937500059604645,0
4096,2,0.4962500035762787,0
4096,2,0.4987500011920929,0
4096,2,0.5012500286102295,0
4096,2,0.5037499666213989,0
4096,2,0.5062500238418579,0
4096,2,0.5087499618530273,0
4096,2,0.5112500190734863,0
4096,2,0.5137499570846558,0
4096,2,0.5162500143051147,0
4096,2,0.5187499523162842,0
4096,2,0.5212500095367432,0
4096,2,0.5237499475479126,0
4096,2,0.5262500047683716,0
4096,2,0.528749942779541,0
4096,2,0.53125,0
4096,2,0.5337499380111694,0
4096,2,0.5362499952316284,0
4096,2,0.5387499332427979,0
4096,2,0.5412499904632568,0
4096,2,0.5437500476837158,0
4096,2,0.5462499856948853,0
4096,2,0.5487500429153442,0
4096,2,0.5512499809265137,0
4096,2,0.5537500381469727,0
4096,2,0.5562499761581421,0
4096,2,0.5587500333786011,0
4096,2,0.5612499713897705,0
4096,2,0.5637500286102295,0
4096,2,0.5662499666213989,0
4096,2,0.5687500238418579,0
4096,2,0.5712499618530273,0
4096,2,0.5737500190734863,0
4096,2,0.5762499570846558,0
4096,2,0.5787500143051147,0
4096,2,0.5812499523162842,0
4096,2,0.5837500095367432,0
4096,2,0.5862499475479126,0
4096,2,0.5887500047683716,0
4096,2,0.591249942779541,0
4096,2,0.59375,0
4096,2,0.5962499380111694,0
4096,2,0.5987499952316284,0
4096,2,0.6012499332427979,0
4096,2,0.6037499904632568,0
4096,2,0.6062500476837158,0
4096,2,0.6087499856948853,0
4096,2,0.6112500429153442,0
4096,2,0.6137499809265137,0
4096,2,0.6162500381469727,0
4096,2,0.6187499761581421,0
4096,2,0.6212500333786011,0
4096,2,0.6237499713897705,0
4096,2,0.6262500286102295,0
4096,2,0.6287499666213989,0
4096,2,0.6312500238418579,0
4096,2,0.6337499618530273,0
4096,2,0.6362500190734863,0
4096,2,0.6387499570846558,0
4096,2,0.6412500143051147,0
4096,2,0.6437499523162842,0
4096,2,0.6462500095367432,0
4096,2,0.6487499475479126,0
4096,2,0.6512500047683716,0
4096,2,0.653749942779541,0
4096,2,0.65625,0
4096,2,0.6587499380111694,0
4096,2,0.6612499952316284,0
4096,2,0.6637499332427979,0
4096,2,0.6662499904632568,0
4096,2,0.668749988079071,0
4096,2,0.6712499856948853,0
4096,2,0.6737500429153442,0
4096,2,0.6762499809265137,0
4096,2,0.6787500381469727,0
4096,2,0.6812499761581421,0
4096,2,0.6837500333786011,0
4096,2,0.6862499713897705,0
4096,2,0.6887500286102295,0
4096,2,0.6912499666213989,0
4096,2,0.6937500238418579,0
4096,2,0.6962499618530273,0
4096,2,0.6987500190734863,0
8192,0,-0.29875001311302185,0
8192,0,-0.29625001549720764,0
8192,0,-0.29375001788139343,0
8192,0,-0.2912500202655792,0
8192,0,-0.288750022649765,0
8192,0,-0.2862500250339508,0
8192,0,-0.2837499976158142,0
8192,0,-0.28125,0
8192,0,-0.2787500023841858,0
8192,0,-0.2762500047683716,0
8192,0,-0.2737500071525574,0
8192,0,-0.27125000953674316,0
8192,0,-0.26875001192092896,0
8192,0,-0.26625001430511475,0
8192,0,-0.26375001668930054,0
8192,0,-0.26125001907348633,0
8192,0,-0.2587500214576721,0
8192,0,-0.2562500238418579,0
8192,0,-0.2537500262260437,0
8192,0,-0.2512500286102295,0
8192,0,-0.2487500011920929,0
8192,0,-0.24625001847743988,0
8192,0,-0.24375000596046448,0
8192,0,-0.24125000834465027,0
8192,0,-0.23875001072883606,0
8192,0,-0.23625001311302185,0
8192,0,-0.23375001549720764,0
8192,0,-0.23125001788139343,0
8192,0,-0.22875002026557922,0
8192,0,-0.22625000774860382,0
8192,0,-0.2237500101327896,0
8192,0,-0.2212500125169754,0
8192,0,-0.2187500149011612,0
8192,0,-0.21625001728534698,0
8192,0,-0.21375001966953278,0
8192,0,-0.21125000715255737,0
8192,0,-0.20875000953674316,0
8192,0,-0.20625001192092896,0
8192,0,-0.20375001430511475,0
8192,0,-0.20125001668930054,0
8192,0,-0.19875001907348633,0
8192,0,-0.19625002145767212,0
8192,0,-0.19375000894069672,0
8192,0,-0.1912500113248825,0
8192,0,-0.1887500137090683,0
8192,0,-0.1862500160932541,0
8192,0,-0.18375001847743988,0
8192,0,-0.18125000596046448,0
8192,0,-0.17875000834465027,0
8192,0,-0.17625001072883606,0
8192,0,-0.17375001311302185,0
8192,0,-0.17125001549720764,0
8192,0,-0.16875001788139343,0
8192,0,-0.16625002026557922,0
8192,0,-0.16375002264976501,0
8192,0,-0.1612500101327896,0
8192,0,-0.1587500125169754,0
8192,0,-0.1562500149011612,0
8192,0,-0.15375001728534698,0
8192,0,-0.15125001966953278,0
8192,0,-0.14875000715255737,0
8192,0,-0.14625000953674316,0
8192,0,-0.14375001192092896,0
8192,0,-0.14125001430511475,0
8192,0,-0.13875001668930054,0
8192,0,-0.13625001907348633,0
8192,0,-0.13375002145767212,0
8192,0,-0.1312500238418579,0
8192,0,-0.1287500113248825,0
8192,0,-0.1262500137090683,0
8192,0,-0.12375001609325409,0
8192,0,-0.12125001847743988,0
8192,0,-0.11875002086162567,0
8192,0,-0.11625001579523087,0
8192,0,-0.11375001817941666,0
8192,0,-0.11125001311302185,0
8192,0,-0.10875001549720764,0
8192,0,-0.10625001788139343,0
8192,0,-0.10375002026557922,0
8192,0,-0.10125001519918442,0
8192,0,-0.09875001758337021,0
8192,0,-0.0962500125169754,0
8192,0,-0.0937500149011612,0
8192,0,-0.09125001728534698,0
8192,0,-0.08875001966953278,0
8192,0,-0.08625001460313797,0
8192,0,-0.08375001698732376,0
8192,0,-0.08125001192092896,0
8192,0,-0.07875001430511475,0
8192,0,-0.07625001668930054,0
8192,0,-0.07375001907348633,0
8192,0,-0.07125002145767212,0
8192,0,-0.06875001639127731,0
8192,0,-0.0662500187754631,0
8192,0,-0.0637500137090683,0
8192,0,-0.06125001609325409,4
8192,0,-0.05875001847743988,12
8192,0,-0.05625001713633537,61
8192,0,-0.053750015795230865,216
8192,0,-0.051250018179416656,694
8192,0,-0.04875002056360245,2085
8192,0,-0.04625001549720764,5748
8192,0,-0.04375001788139343,15158
8192,0,-0.041250020265579224,37634
8192,0,-0.03875001519918442,89364
8192,0,-0.03625001758337021,199935
8192,0,-0.033750019967556,425706
8192,0,-0.03125001862645149,857760
8192,0,-0.028750017285346985,1643629
8192,0,-0.026250017806887627,2981656
8192,0,-0.02375001832842827,5111233
8192,0,-0.02125001698732376,8323742
8192,0,-0.018750019371509552,12835951
8192,0,-0.016250018030405045,18787302
8192,0,-0.013750018551945686,26064299
8192,0,-0.011250018142163754,34289882
8192,0,-0.008750018663704395,42783111
8192,0,-0.0062500182539224625,50644699
8192,0,-0.0037500185426324606,56871643
8192,0,-0.001250018598511815,60007556
8192,0,0.0012499813456088305,61859295
8192,0,0.003749981289729476,58762081
8192,0,0.006249981001019478,53538275
8192,0,0.00874998141080141,46279638
8192,0,0.011249980889260769,38010157
8192,0,0.013749981299042702,29636686
8192,0,0.01624998077750206,21943952
8192,0,0.018749982118606567,15436958
8192,0,0.021249979734420776,10329593
8192,0,0.023749981075525284,6564090
8192,0,0.026249980553984642,3965393
8192,0,0.028749980032444,2280708
8192,0,0.031249981373548508,1246008
8192,0,0.033749982714653015,648480
8192,0,0.036249980330467224,320995
8192,0,0.03874997794628143,150587
8192,0,0.04124998301267624,67770
8192,0,0.04374998062849045,28870
8192,0,0.04624997824430466,11756
8192,0,0.04874998331069946,4649
8192,0,0.05124998092651367,1703
8192,0,0.05374997854232788,592
8192,0,0.05624997988343239,205
8192,0,0.058749981224536896,81
8192,0,0.061249978840351105,19
8192,0,0.06374998390674591,7
8192,0,0.06624998152256012,1
8192,0,0.06874997913837433,1
8192,0,0.07124997675418854,1
8192,0,0.07374998182058334,0
8192,0,0.07624997943639755,0
8192,0,0.07874998450279236,0
8192,0,0.08124998211860657,0
8192,0,0.08374997973442078,0
8192,0,0.08624997735023499,0
8192,0,0.0887499749660492,0
8192,0,0.091249980032444,0
8192,0,0.09374997764825821,0
8192,0,0.09624998271465302,0
8192,0,0.09874998033046722,0
8192,0,0.10124997794628143,0
8192,0,0.10374997556209564,0
8192,0,0.10624998062849045,0
8192,0,0.10874997824430466,0
8192,0,0.11124998331069946,0
8192,0,0.11374998092651367,0
8192,0,0.11624997854232788,0
8192,0,0.11874997615814209,0
8192,0,0.1212499737739563,0
8192,0,0.1237499788403511,0
8192,0,0.1262499839067459,0
8192,0,0.12874998152256012,0
8192,0,0.13124997913837433,0
8192,0,0.13374997675418854,0
8192,0,0.13624997437000275,0
8192,0,0.13874998688697815,0
8192,0,0.14124998450279236,0
8192,0,0.14374998211860657,0
8192,0,0.14624997973442078,0
8192,0,0.14874997735023499,0
8192,0,0.1512499749660492,0
8192,0,0.1537499725818634,0
8192,0,0.1562499701976776,0
8192,0,0.15874998271465302,0
8192,0,0.16124998033046722,0
8192,0,0.16374997794628143,0
8192,0,0.16624997556209564,0
8192,0,0.16874997317790985,0
8192,0,0.17124998569488525,0
8192,0,0.17374998331069946,0
8192,0,0.17624998092651367,0
8192,0,0.17874997854232788,0
8192,0,0.1812499761581421,0
8192,0,0.1837499737739563,0
8192,0,0.1862499713897705,0
8192,0,0.18874996900558472,0
8192,0,0.19124998152256012,0
8192,0,0.19374997913837433,0
8192,0,0.19624997675418854,0
8192,0,0.19874998927116394,0
8192,0,0.20125000178813934,0
8192,0,0.20374999940395355,0
8192,0,0.20624999701976776,0
8192,0,0.20874999463558197,0
8192,0,0.21125000715255737,0
8192,0,0.21375000476837158,0
8192,0,0.2162500023841858,0
8192,0,0.21875,0
8192,0,0.2212499976158142,0
8192,0,0.22374999523162842,0
8192,0,0.22624999284744263,0
8192,0,0.22874999046325684,0
8192,0,0.23125000298023224,0
8192,0,0.23375000059604645,0
8192,0,0.23624999821186066,0
8192,0,0.23874999582767487,0
8192,0,0.24124999344348907,0
8192,0,0.24375000596046448,0
8192,0,0.2462500035762787,0
8192,0,0.2487500011920929,0
8192,0,0.2512499988079071,0
8192,0,0.2537499964237213,0
8192,0,0.2562499940395355,0
8192,0,0.25874999165534973,0
8192,0,0.26124998927116394,0
8192,0,0.26374998688697815,0
8192,0,0.26624998450279236,0
8192,0,0.26875001192092896,0
8192,0,0.27125000953674316,0
8192,0,0.2737500071525574,0
8192,0,0.2762500047683716,0
8192,0,0.2787500023841858,0
8192,0,0.28125,0
8192,0,0.2837499976158142,0
8192,0,0.2862499952316284,0
8192,0,0.2887499928474426,0
8192,0,0.29124999046325684,0
8192,0,0.29374998807907104,0
8192,0,0.29624998569488525,0
8192,0,0.29874998331069946,0
8192,0,0.30125001072883606,0
8192,0,0.30375000834465027,0
8192,0,0.3062500059604645,0
8192,0,0.3087500035762787,0
8192,0,0.3112500011920929,0
8192,0,0.3137499988079071,0
8192,0,0.3162499964237213,0
8192,0,0.3187499940395355,0
8192,0,0.32124999165534973,0
8192,0,0.32374998927116394,0
8192,0,0.32624998688697815,0
8192,0,0.32874998450279236,0
8192,0,0.33125001192092896,0
8192,0,0.33375000953674316,0
8192,0,0.3362500071525574,0
8192,0,0.3387500047683716,0
8192,0,0.3412500023841858,0
8192,0,0.34375,0
8192,0,0.3462499976158142,0
8192,0,0.3487499952316284,0
8192,0,0.3512499928474426,0
8192,0,0.35374999046325684,0
8192,0,0.35624998807907104,0
8192,0,0.35874998569488525,0
8192,0,0.36124998331069946,0
8192,0,0.36374998092651367,0
8192,0,0.36625000834465027,0
8192,0,0.3687500059604645,0
8192,0,0.3712500035762787,0
8192,0,0.3737500011920929,0
8192,0,0.3762499988079071,0
8192,0,0.3787499964237213,0
8192,0,0.3812499940395355,0
8192,0,0.38374999165534973,0
8192,0,0.38624998927116394,0
8192,0,0.38874998688697815,0
8192,0,0.39124998450279236,0
8192,0,0.39374998211860657,0
8192,0,0.39625000953674316,0
8192,0,0.3987500071525574,0
8192,0,0.4012500047683716,0
8192,0,0.4037500023841858,0
8192,0,0.40625,0
8192,0,0.4087499976158142,0
8192,0,0.4112499952316284,0
8192,0,0.4137499928474426,0
8192,0,0.41624999046325684,0
8192,0,0.41874998807907104,0
8192,0,0.42124998569488525,0
8192,0,0.42374998331069946,0
8192,0,0.42624998092651367,0
8192,0,0.4287499785423279,0
8192,0,0.4312500059604645,0
8192,0,0.4337500035762787,0
8192,0,0.4362500011920929,0
8192,0,0.4387499988079071,0
8192,0,0.4412499964237213,0
8192,0,0.4437499940395355,0
8192,0,0.44624999165534973,0
8192,0,0.44874998927116394,0
8192,0,0.45124998688697815,0
8192,0,0.45374998450279236,0
8192,0,0.45624998211860657,0
8192,0,0.4587499797344208,0
8192,0,0.4612500071525574,0
8192,0,0.4637500047683716,0
8192,0,0.4662500023841858,0
8192,0,0.46875,0
8192,0,0.4712499976158142,0
8192,0,0.4737499952316284,0
8192,0,0.4762499928474426,0
8192,0,0.47874999046325684,0
8192,0,0.48124998807907104,0
8192,0,0.48374998569488525,0
8192,0,0.48624998331069946,0
8192,0,0.48874998092651367,0
8192,0,0.4912499785423279,0
8192,0,0.4937500059604645,0
8192,0,0.4962500035762787,0
8192,0,0.4987500011920929,0
8192,0,0.5012500286102295,0
8192,0,0.5037499666213989,0
8192,0,0.5062500238418579,0
8192,0,0.5087499618530273,0
8192,0,0.5112500190734863,0
8192,0,0.5137499570846558,0
8192,0,0.5162500143051147,0
8192,0,0.5187499523162842,0
8192,0,0.5212500095367432,0
8192,0,0.5237499475479126,0
8192,0,0.5262500047683716,0
8192,0,0.528749942779541,0
8192,0,0.53125,0
8192,0,0.5337499380111694,0
8192,0,0.5362499952316284,0
8192,0,0.5387499332427979,0
8192,0,0.5412499904632568,0
8192,0,0.5437500476837158,0
8192,0,0.5462499856948853,0
8192,0,0.5487500429153442,0
8192,0,0.5512499809265137,0
8192,0,0.5537500381469727,0
8192,0,0.5562499761581421,0
8192,0,0.5587500333786011,0
8192,0,0.5612499713897705,0
8192,0,0.5637500286102295,0
8192,0,0.5662499666213989,0
8192,0,0.5687500238418579,0
8192,0,0.5712499618530273,0
8192,0,0.5737500190734863,0
8192,0,0.5762499570846558,0
8192,0,0.5787500143051147,0
8192,0,0.5812499523162842,0
8192,0,0.5837500095367432,0
8192,0,0.5862499475479126,0
8192,0,0.5887500047683716,0
8192,0,0.591249942779541,0
8192,0,0.59375,0
8192,0,0.5962499380111694,0
8192,0,0.5987499952316284,0
8192,0,0.6012499332427979,0
8192,0,0.6037499904632568,0
8192,0,0.6062500476837158,0
8192,0,0.6087499856948853,0
8192,0,0.6112500429153442,0
8192,0,0.6137499809265137,0
8192,0,0.6162500381469727,0
8192,0,0.6187499761581421,0
8192,0,0.6212500333786011,0
8192,0,0.6237499713897705,0
8192,0,0.6262500286102295,0
8192,0,0.6287499666213989,0
8192,0,0.6312500238418579,0
8192,0,0.6337499618530273,0
8192,0,0.6362500190734863,0
8192,0,0.6387499570846558,0
8192,0,0.6412500143051147,0
8192,0,0.6437499523162842,0
8192,0,0.6462500095367432,0
8192,0,0.6487499475479126,0
8192,0,0.6512500047683716,0
8192,0,0.653749942779541,0
8192,0,0.65625,0
8192,0,0.6587499380111694,0
8192,0,0.6612499952316284,0
8192,0,0.6637499332427979,0
8192,0,0.6662499904632568,0
8192,0,0.668749988079071,0
8192,0,0.6712499856948853,0
8192,0,0.6737500429153442,0
8192,0,0.6762499809265137,0
8192,0,0.6787500381469727,0
8192,0,0.6812499761581421,0
8192,0,0.6837500333786011,0
8192,0,0.6862499713897705,0
8192,0,0.6887500286102295,0
8192,0,0.6912499666213989,0
8192,0,0.6937500238418579,0
8192,0,0.6962499618530273,0
8192,0,0.6987500190734863,0
8192,1,-0.29875001311302185,0
8192,1,-0.29625001549720764,0
8192,1,-0.29375001788139343,0
8192,1,-0.2912500202655792,0
8192,1,-0.288750022649765,0
8192,1,-0.2862500250339508,0
8192,1,-0.2837499976158142,0
8192,1,-0.28125,0
8192,1,-0.2787500023841858,0
8192,1,-0.2762500047683716,0
8192,1,-0.2737500071525574,0
8192,1,-0.27125000953674316,0
8192,1,-0.26875001192092896,0
8192,1,-0.26625001430511475,0
8192,1,-0.26375001668930054,0
8192,1,-0.26125001907348633,0
8192,1,-0.2587500214576721,0
8192,1,-0.2562500238418579,0
8192,1,-0.2537500262260437,0
8192,1,-0.2512500286102295,0
8192,1,-0.2487500011920929,0
8192,1,-0.24625001847743988,0
8192,1,-0.24375000596046448,0
8192,1,-0.24125000834465027,0
8192,1,-0.23875001072883606,0
8192,1,-0.23625001311302185,0
8192,1,-0.23375001549720764,0
8192,1,-0.23125001788139343,0
8192,1,-0.22875002026557922,0
8192,1,-0.22625000774860382,0
8192,1,-0.2237500101327896,0
8192,1,-0.2212500125169754,0
8192,1,-0.2187500149011612,0
8192,1,-0.21625001728534698,0
8192,1,-0.21375001966953278,0
8192,1,-0.21125000715255737,0
8192,1,-0.20875000953674316,0
8192,1,-0.20625001192092896,0
8192,1,-0.20375001430511475,0
8192,1,-0.20125001668930054,0
8192,1,-0.19875001907348633,0
8192,1,-0.19625002145767212,0
8192,1,-0.19375000894069672,0
8192,1,-0.1912500113248825,0
8192,1,-0.1887500137090683,0
8192,1,-0.1862500160932541,0
8192,1,-0.18375001847743988,0
8192,1,-0.18125000596046448,0
8192,1,-0.17875000834465027,0
8192,1,-0.17625001072883606,0
8192,1,-0.17375001311302185,0
8192,1,-0.17125001549720764,0
8192,1,-0.16875001788139343,0
8192,1,-0.16625002026557922,0
8192,1,-0.16375002264976501,0
8192,1,-0.1612500101327896,0
8192,1,-0.1587500125169754,0
8192,1,-0.1562500149011612,0
8192,1,-0.15375001728534698,0
8192,1,-0.15125001966953278,0
8192,1,-0.14875000715255737,0
8192,1,-0.14625000953674316,0
8192,1,-0.14375001192092896,0
8192,1,-0.14125001430511475,0
8192,1,-0.13875001668930054,0
8192,1,-0.13625001907348633,0
8192,1,-0.13375002145767212,0
8192,1,-0.1312500238418579,0
8192,1,-0.1287500113248825,0
8192,1,-0.1262500137090683,0
8192,1,-0.12375001609325409,0
8192,1,-0.12125001847743988,0
8192,1,-0.11875002086162567,0
8192,1,-0.11625001579523087,0
8192,1,-0.11375001817941666,0
8192,1,-0.11125001311302185,0
8192,1,-0.10875001549720764,0
8192,1,-0.10625001788139343,0
8192,1,-0.10375002026557922,0
8192,1,-0.10125001519918442,0
8192,1,-0.09875001758337021,0
8192,1,-0.0962500125169754,0
8192,1,-0.0937500149011612,0
8192,1,-0.09125001728534698,0
8192,1,-0.08875001966953278,0
8192,1,-0.08625001460313797,0
8192,1,-0.08375001698732376,0
8192,1,-0.08125001192092896,0
8192,1,-0.07875001430511475,0
8192,1,-0.07625001668930054,0
8192,1,-0.07375001907348633,0
8192,1,-0.07125002145767212,0
8192,1,-0.06875001639127731,0
8192,1,-0.0662500187754631,0
8192,1,-0.0637500137090683,0
8192,1,-0.06125001609325409,0
8192,1,-0.05875001847743988,0
8192,1,-0.05625001713633537,0
8192,1,-0.053750015795230865,0
8192,1,-0.051250018179416656,0
8192,1,-0.04875002056360245,0
8192,1,-0.04625001549720764,0
8192,1,-0.04375001788139343,0
8192,1,-0.041250020265579224,0
8192,1,-0.03875001519918442,0
8192,1,-0.03625001758337021,0
8192,1,-0.033750019967556,0
8192,1,-0.03125001862645149,0
8192,1,-0.028750017285346985,0
8192,1,-0.026250017806887627,0
8192,1,-0.02375001832842827,0
8192,1,-0.02125001698732376,0
8192,1,-0.018750019371509552,0
8192,1,-0.016250018030405045,0
8192,1,-0.013750018551945686,0
8192,1,-0.011250018142163754,0
8192,1,-0.008750018663704395,0
8192,1,-0.0062500182539224625,0
8192,1,-0.0037500185426324606,0
8192,1,-0.001250018598511815,0
8192,1,0.0012499813456088305,0
8192,1,0.003749981289729476,0
8192,1,0.006249981001019478,0
8192,1,0.00874998141080141,0
8192,1,0.011249980889260769,0
8192,1,0.013749981299042702,0
8192,1,0.01624998077750206,0
8192,1,0.018749982118606567,0
8192,1,0.021249979734420776,0
8192,1,0.023749981075525284,0
8192,1,0.026249980553984642,0
8192,1,0.028749980032444,0
8192,1,0.031249981373548508,0
8192,1,0.033749982714653015,0
8192,1,0.036249980330467224,0
8192,1,0.03874997794628143,0
8192,1,0.04124998301267624,0
8192,1,0.04374998062849045,0
8192,1,0.04624997824430466,0
8192,1,0.04874998331069946,0
8192,1,0.05124998092651367,0
8192,1,0.05374997854232788,0
8192,1,0.05624997988343239,0
8192,1,0.058749981224536896,0
8192,1,0.061249978840351105,0
8192,1,0.06374998390674591,0
8192,1,0.06624998152256012,0
8192,1,0.06874997913837433,0
8192,1,0.07124997675418854,0
8192,1,0.07374998182058334,0
8192,1,0.07624997943639755,0
8192,1,0.07874998450279236,0
8192,1,0.08124998211860657,0
8192,1,0.08374997973442078,0
8192,1,0.08624997735023499,0
8192,1,0.0887499749660492,0
8192,1,0.091249980032444,0
8192,1,0.09374997764825821,0
8192,1,0.09624998271465302,0
8192,1,0.09874998033046722,0
8192,1,0.10124997794628143,0
8192,1,0.10374997556209564,0
8192,1,0.10624998062849045,0
8192,1,0.10874997824430466,0
8192,1,0.11124998331069946,0
8192,1,0.11374998092651367,0
8192,1,0.11624997854232788,0
8192,1,0.11874997615814209,0
8192,1,0.1212499737739563,0
8192,1,0.1237499788403511,0
8192,1,0.1262499839067459,0
8192,1,0.12874998152256012,0
8192,1,0.13124997913837433,0
8192,1,0.13374997675418854,0
8192,1,0.13624997437000275,0
8192,1,0.13874998688697815,0
8192,1,0.14124998450279236,0
8192,1,0.14374998211860657,2
8192,1,0.14624997973442078,11
8192,1,0.14874997735023499,58
8192,1,0.1512499749660492,104
8192,1,0.1537499725818634,406
8192,1,0.1562499701976776,1068
8192,1,0.15874998271465302,2953
8192,1,0.16124998033046722,7861
8192,1,0.16374997794628143,19426
8192,1,0.16624997556209564,44680
8192,1,0.16874997317790985,98993
8192,1,0.17124998569488525,204523
8192,1,0.17374998331069946,399084
8192,1,0.17624998092651367,730045
8192,1,0.17874997854232788,1263646
8192,1,0.1812499761581421,2057709
8192,1,0.1837499737739563,3154521
8192,1,0.1862499713897705,4564196
8192,1,0.18874996900558472,6214557
8192,1,0.19124998152256012,7968750
8192,1,0.19374997913837433,9626178
8192,1,0.19624997675418854,10942475
8192,1,0.19874998927116394,11712992
8192,1,0.20125000178813934,11823129
8192,1,0.20374999940395355,11209031
8192,1,0.20624999701976776,10018278
8192,1,0.20874999463558197,8419313
8192,1,0.21125000715255737,6665111
8192,1,0.21375000476837158,4968128
8192,1,0.2162500023841858,3485056
8192,1,0.21875,2298946
8192,1,0.2212499976158142,1430528
8192,1,0.22374999523162842,838169
8192,1,0.22624999284744263,461882
8192,1,0.22874999046325684,239320
8192,1,0.23125000298023224,116875
8192,1,0.23375000059604645,53872
8192,1,0.23624999821186066,23214
8192,1,0.23874999582767487,9491
8192,1,0.24124999344348907,3704
8192,1,0.24375000596046448,1284
8192,1,0.2462500035762787,485
8192,1,0.2487500011920929,139
8192,1,0.2512499988079071,51
8192,1,0.2537499964237213,11
8192,1,0.2562499940395355,4
8192,1,0.25874999165534973,3
8192,1,0.26124998927116394,2
8192,1,0.26374998688697815,0
8192,1,0.26624998450279236,0
8192,1,0.26875001192092896,0
8192,1,0.27125000953674316,0
8192,1,0.2737500071525574,0
8192,1,0.2762500047683716,0
8192,1,0.2787500023841858,0
8192,1,0.28125,0
8192,1,0.2837499976158142,0
8192,1,0.2862499952316284,0
8192,1,0.2887499928474426,0
8192,1,0.29124999046325684,0
8192,1,0.29374998807907104,0
8192,1,0.29624998569488525,0
8192,1,0.29874998331069946,0
8192,1,0.30125001072883606,0
8192,1,0.30375000834465027,0
8192,1,0.3062500059604645,0
8192,1,0.3087500035762787,0
8192,1,0.3112500011920929,0
8192,1,0.3137499988079071,0
8192,1,0.3162499964237213,0
8192,1,0.3187499940395355,0
8192,1,0.32124999165534973,0
8192,1,0.32374998927116394,0
8192,1,0.32624998688697815,0
8192,1,0.32874998450279236,0
8192,1,0.33125001192092896,0
8192,1,0.33375000953674316,0
8192,1,0.3362500071525574,0
8192,1,0.3387500047683716,0
8192,1,0.3412500023841858,0
8192,1,0.34375,0
8192,1,0.3462499976158142,0
8192,1,0.3487499952316284,0
8192,1,0.3512499928474426,0
8192,1,0.35374999046325684,0
8192,1,0.35624998807907104,0
8192,1,0.35874998569488525,0
8192,1,0.36124998331069946,0
8192,1,0.36374998092651367,0
8192,1,0.36625000834465027,0
8192,1,0.3687500059604645,0
8192,1,0.3712500035762787,0
8192,1,0.3737500011920929,0
8192,1,0.3762499988079071,0
8192,1,0.3787499964237213,0
8192,1,0.3812499940395355,0
8192,1,0.38374999165534973,0
8192,1,0.38624998927116394,0
8192,1,0.38874998688697815,0
8192,1,0.39124998450279236,0
8192,1,0.39374998211860657,0
8192,1,0.39625000953674316,0
8192,1,0.3987500071525574,0
8192,1,0.4012500047683716,0
8192,1,0.4037500023841858,0
8192,1,0.40625,0
8192,1,0.4087499976158142,0
8192,1,0.4112499952316284,0
8192,1,0.4137499928474426,0
8192,1,0.41624999046325684,0
8192,1,0.41874998807907104,0
8192,1,0.42124998569488525,0
8192,1,0.42374998331069946,0
8192,1,0.42624998092651367,0
8192,1,0.4287499785423279,0
8192,1,0.4312500059604645,0
8192,1,0.4337500035762787,0
8192,1,0.4362500011920929,0
8192,1,0.4387499988079071,0
8192,1,0.4412499964237213,0
8192,1,0.4437499940395355,0
8192,1,0.44624999165534973,0
8192,1,0.44874998927116394,0
8192,1,0.45124998688697815,0
8192,1,0.45374998450279236,0
8192,1,0.45624998211860657,0
8192,1,0.4587499797344208,0
8192,1,0.4612500071525574,0
8192,1,0.4637500047683716,0
8192,1,0.4662500023841858,0
8192,1,0.46875,0
8192,1,0.4712499976158142,0
8192,1,0.4737499952316284,0
8192,1,0.4762499928474426,0
8192,1,0.47874999046325684,0
8192,1,0.48124998807907104,0
8192,1,0.48374998569488525,0
8192,1,0.48624998331069946,0
8192,1,0.48874998092651367,0
8192,1,0.4912499785423279,0
8192,1,0.4937500059604645,0
8192,1,0.4962500035762787,0
8192,1,0.4987500011920929,0
8192,1,0.5012500286102295,0
8192,1,0.5037499666213989,0
8192,1,0.5062500238418579,0
8192,1,0.5087499618530273,0
8192,1,0.5112500190734863,0
8192,1,0.5137499570846558,0
8192,1,0.5162500143051147,0
8192,1,0.5187499523162842,0
8192,1,0.5212500095367432,0
8192,1,0.5237499475479126,0
8192,1,0.5262500047683716,0
8192,1,0.528749942779541,0
8192,1,0.53125,0
8192,1,0.5337499380111694,0
8192,1,0.5362499952316284,0
8192,1,0.5387499332427979,0
8192,1,0.5412499904632568,0
8192,1,0.5437500476837158,0
8192,1,0.5462499856948853,0
8192,1,0.5487500429153442,0
8192,1,0.5512499809265137,0
8192,1,0.5537500381469727,0
8192,1,0.5562499761581421,0
8192,1,0.5587500333786011,0
8192,1,0.5612499713897705,0
8192,1,0.5637500286102295,0
8192,1,0.5662499666213989,0
8192,1,0.5687500238418579,0
8192,1,0.5712499618530273,0
8192,1,0.5737500190734863,0
8192,1,0.5762499570846558,0
8192,1,0.5787500143051147,0
8192,1,0.5812499523162842,0
8192,1,0.5837500095367432,0
8192,1,0.5862499475479126,0
8192,1,0.5887500047683716,0
8192,1,0.591249942779541,0
8192,1,0.59375,0
8192,1,0.5962499380111694,0
8192,1,0.5987499952316284,0
8192,1,0.6012499332427979,0
8192,1,0.6037499904632568,0
8192,1,0.6062500476837158,0
8192,1,0.6087499856948853,0
8192,1,0.6112500429153442,0
8192,1,0.6137499809265137,0
8192,1,0.6162500381469727,0
8192,1,0.6187499761581421,0
8192,1,0.6212500333786011,0
8192,1,0.6237499713897705,0
8192,1,0.6262500286102295,0
8192,1,0.6287499666213989,0
8192,1,0.6312500238418579,0
8192,1,0.6337499618530273,0
8192,1,0.6362500190734863,0
8192,1,0.6387499570846558,0
8192,1,0.6412500143051147,0
8192,1,0.6437499523162842,0
8192,1,0.6462500095367432,0
8192,1,0.6487499475479126,0
8192,1,0.6512500047683716,0
8192,1,0.653749942779541,0
8192,1,0.65625,0
8192,1,0.6587499380111694,0
8192,1,0.6612499952316284,0
8192,1,0.6637499332427979,0
8192,1,0.6662499904632568,0
8192,1,0.668749988079071,0
8192,1,0.6712499856948853,0
8192,1,0.6737500429153442,0
8192,1,0.6762499809265137,0
8192,1,0.6787500381469727,0
8192,1,0.6812499761581421,0
8192,1,0.6837500333786011,0
8192,1,0.6862499713897705,0
8192,1,0.6887500286102295,0
8192,1,0.6912499666213989,0
8192,1,0.6937500238418579,0
8192,1,0.6962499618530273,0
8192,1,0.6987500190734863,0
8192,2,-0.29875001311302185,0
8192,2,-0.29625001549720764,0
8192,2,-0.29375001788139343,0
8192,2,-0.2912500202655792,0
8192,2,-0.288750022649765,0
8192,2,-0.2862500250339508,0
8192,2,-0.2837499976158142,0
8192,2,-0.28125,0
8192,2,-0.2787500023841858,0
8192,2,-0.2762500047683716,0
8192,2,-0.2737500071525574,0
8192,2,-0.27125000953674316,0
8192,2,-0.26875001192092896,0
8192,2,-0.26625001430511475,0
8192,2,-0.26375001668930054,0
8192,2,-0.26125001907348633,0
8192,2,-0.2587500214576721,0
8192,2,-0.2562500238418579,0
8192,2,-0.2537500262260437,0
8192,2,-0.2512500286102295,0
8192,2,-0.2487500011920929,0
8192,2,-0.24625001847743988,0
8192,2,-0.24375000596046448,0
8192,2,-0.24125000834465027,0
8192,2,-0.23875001072883606,0
8192,2,-0.23625001311302185,0
8192,2,-0.23375001549720764,0
8192,2,-0.23125001788139343,0
8192,2,-0.22875002026557922,0
8192,2,-0.22625000774860382,0
8192,2,-0.2237500101327896,0
8192,2,-0.2212500125169754,0
8192,2,-0.2187500149011612,0
8192,2,-0.21625001728534698,0
8192,2,-0.21375001966953278,0
8192,2,-0.21125000715255737,0
8192,2,-0.20875000953674316,0
8192,2,-0.20625001192092896,0
8192,2,-0.20375001430511475,0
8192,2,-0.20125001668930054,0
8192,2,-0.19875001907348633,0
8192,2,-0.19625002145767212,0
8192,2,-0.19375000894069672,0
8192,2,-0.1912500113248825,0
8192,2,-0.1887500137090683,0
8192,2,-0.1862500160932541,0
8192,2,-0.18375001847743988,0
8192,2,-0.18125000596046448,0
8192,2,-0.17875000834465027,0
8192,2,-0.17625001072883606,0
8192,2,-0.17375001311302185,0
8192,2,-0.17125001549720764,0
8192,2,-0.16875001788139343,0
8192,2,-0.16625002026557922,0
8192,2,-0.16375002264976501,0
8192,2,-0.1612500101327896,0
8192,2,-0.1587500125169754,0
8192,2,-0.1562500149011612,0
8192,2,-0.15375001728534698,0
8192,2,-0.15125001966953278,0
8192,2,-0.14875000715255737,0
8192,2,-0.14625000953674316,0
8192,2,-0.14375001192092896,0
8192,2,-0.14125001430511475,0
8192,2,-0.13875001668930054,0
8192,2,-0.13625001907348633,0
8192,2,-0.13375002145767212,0
8192,2,-0.1312500238418579,0
8192,2,-0.1287500113248825,0
8192,2,-0.1262500137090683,0
8192,2,-0.12375001609325409,0
8192,2,-0.12125001847743988,0
8192,2,-0.11875002086162567,0
8192,2,-0.11625001579523087,0
8192,2,-0.11375001817941666,0
8192,2,-0.11125001311302185,0
8192,2,-0.10875001549720764,0
8192,2,-0.10625001788139343,0
8192,2,-0.10375002026557922,0
8192,2,-0.10125001519918442,0
8192,2,-0.09875001758337021,0
8192,2,-0.0962500125169754,0
8192,2,-0.0937500149011612,0
8192,2,-0.09125001728534698,0
8192,2,-0.08875001966953278,0
8192,2,-0.08625001460313797,0
8192,2,-0.08375001698732376,0
8192,2,-0.08125001192092896,0
8192,2,-0.07875001430511475,0
8192,2,-0.07625001668930054,0
8192,2,-0.07375001907348633,0
8192,2,-0.07125002145767212,0
8192,2,-0.06875001639127731,0
8192,2,-0.0662500187754631,0
8192,2,-0.0637500137090683,0
8192,2,-0.06125001609325409,0
8192,2,-0.05875001847743988,0
8192,2,-0.05625001713633537,0
8192,2,-0.053750015795230865,0
8192,2,-0.051250018179416656,0
8192,2,-0.04875002056360245,0
8192,2,-0.04625001549720764,0
8192,2,-0.04375001788139343,0
8192,2,-0.041250020265579224,0
8192,2,-0.03875001519918442,0
8192,2,-0.03625001758337021,0
8192,2,-0.033750019967556,0
8192,2,-0.03125001862645149,0
8192,2,-0.028750017285346985,0
8192,2,-0.026250017806887627,0
8192,2,-0.02375001832842827,0
8192,2,-0.02125001698732376,0
8192,2,-0.018750019371509552,0
8192,2,-0.016250018030405045,0
8192,2,-0.013750018551945686,0
8192,2,-0.011250018142163754,0
8192,2,-0.008750018663704395,0
8192,2,-0.0062500182539224625,0
8192,2,-0.0037500185426324606,0
8192,2,-0.001250018598511815,0
8192,2,0.0012499813456088305,0
8192,2,0.003749981289729476,0
8192,2,0.006249981001019478,0
8192,2,0.00874998141080141,0
8192,2,0.011249980889260769,0
8192,2,0.013749981299042702,0
8192,2,0.01624998077750206,0
8192,2,0.018749982118606567,0
8192,2,0.021249979734420776,0
8192,2,0.023749981075525284,0
8192,2,0.026249980553984642,0
8192,2,0.028749980032444,0
8192,2,0.031249981373548508,0
8192,2,0.033749982714653015,0
8192,2,0.036249980330467224,0
8192,2,0.03874997794628143,0
8192,2,0.04124998301267624,0
8192,2,0.04374998062849045,0
8192,2,0.04624997824430466,0
8192,2,0.04874998331069946,0
8192,2,0.05124998092651367,0
8192,2,0.05374997854232788,0
8192,2,0.05624997988343239,0
8192,2,0.058749981224536896,0
8192,2,0.061249978840351105,0
8192,2,0.06374998390674591,0
8192,2,0.06624998152256012,0
8192,2,0.06874997913837433,0
8192,2,0.07124997675418854,0
8192,2,0.07374998182058334,0
8192,2,0.07624997943639755,0
8192,2,0.07874998450279236,0
8192,2,0.08124998211860657,0
8192,2,0.08374997973442078,0
8192,2,0.08624997735023499,0
8192,2,0.0887499749660492,0
8192,2,0.091249980032444,0
8192,2,0.09374997764825821,0
8192,2,0.09624998271465302,0
8192,2,0.09874998033046722,0
8192,2,0.10124997794628143,0
8192,2,0.10374997556209564,0
8192,2,0.10624998062849045,0
8192,2,0.10874997824430466,0
8192,2,0.11124998331069946,0
8192,2,0.11374998092651367,0
8192,2,0.11624997854232788,0
8192,2,0.11874997615814209,0
8192,2,0.1212499737739563,0
8192,2,0.1237499788403511,0
8192,2,0.1262499839067459,0
8192,2,0.12874998152256012,0
8192,2,0.13124997913837433,0
8192,2,0.13374997675418854,0
8192,2,0.13624997437000275,0
8192,2,0.13874998688697815,0
8192,2,0.14124998450279236,0
8192,2,0.14374998211860657,0
8192,2,0.14624997973442078,0
8192,2,0.14874997735023499,0
8192,2,0.1512499749660492,0
8192,2,0.1537499725818634,0
8192,2,0.1562499701976776,0
8192,2,0.15874998271465302,0
8192,2,0.16124998033046722,0
8192,2,0.16374997794628143,0
8192,2,0.16624997556209564,0
8192,2,0.16874997317790985,0
8192,2,0.17124998569488525,0
8192,2,0.17374998331069946,0
8192,2,0.17624998092651367,0
8192,2,0.17874997854232788,0
8192,2,0.1812499761581421,0
8192,2,0.1837499737739563,0
8192,2,0.1862499713897705,0
8192,2,0.18874996900558472,0
8192,2,0.19124998152256012,0
8192,2,0.19374997913837433,0
8192,2,0.19624997675418854,0
8192,2,0.19874998927116394,0
8192,2,0.20125000178813934,0
8192,2,0.20374999940395355,0
8192,2,0.20624999701976776,0
8192,2,0.20874999463558197,0
8192,2,0.21125000715255737,0
8192,2,0.21375000476837158,0
8192,2,0.2162500023841858,0
8192,2,0.21875,0
8192,2,0.2212499976158142,0
8192,2,0.22374999523162842,0
8192,2,0.22624999284744263,0
8192,2,0.22874999046325684,0
8192,2,0.23125000298023224,0
8192,2,0.23375000059604645,0
8192,2,0.23624999821186066,0
8192,2,0.23874999582767487,0
8192,2,0.24124999344348907,0
8192,2,0.24375000596046448,0
8192,2,0.2462500035762787,0
8192,2,0.2487500011920929,0
8192,2,0.2512499988079071,0
8192,2,0.2537499964237213,0
8192,2,0.2562499940395355,0
8192,2,0.25874999165534973,0
8192,2,0.26124998927116394,0
8192,2,0.26374998688697815,0
8192,2,0.26624998450279236,0
8192,2,0.26875001192092896,0
8192,2,0.27125000953674316,0
8192,2,0.2737500071525574,0
8192,2,0.2762500047683716,0
8192,2,0.2787500023841858,0
8192,2,0.28125,0
8192,2,0.2837499976158142,0
8192,2,0.2862499952316284,0
8192,2,0.2887499928474426,0
8192,2,0.29124999046325684,0
8192,2,0.29374998807907104,0
8192,2,0.29624998569488525,0
8192,2,0.29874998331069946,0
8192,2,0.30125001072883606,0
8192,2,0.30375000834465027,0
8192,2,0.3062500059604645,0
8192,2,0.3087500035762787,0
8192,2,0.3112500011920929,0
8192,2,0.3137499988079071,0
8192,2,0.3162499964237213,0
8192,2,0.3187499940395355,0
8192,2,0.32124999165534973,0
8192,2,0.32374998927116394,0
8192,2,0.32624998688697815,0
8192,2,0.32874998450279236,0
8192,2,0.33125001192092896,0
8192,2,0.33375000953674316,0
8192,2,0.3362500071525574,0
8192,2,0.3387500047683716,0
8192,2,0.3412500023841858,0
8192,2,0.34375,0
8192,2,0.3462499976158142,0
8192,2,0.3487499952316284,0
8192,2,0.3512499928474426,1
8192,2,0.35374999046325684,1
8192,2,0.35624998807907104,4
8192,2,0.35874998569488525,6
8192,2,0.36124998331069946,39
8192,2,0.36374998092651367,140
8192,2,0.36625000834465027,387
8192,2,0.3687500059604645,1088
8192,2,0.3712500035762787,3010
8192,2,0.3737500011920929,7275
8192,2,0.3762499988079071,16377
8192,2,0.3787499964237213,33876
8192,2,0.3812499940395355,65024
8192,2,0.38374999165534973,114919
8192,2,0.38624998927116394,187411
8192,2,0.38874998688697815,282113
8192,2,0.39124998450279236,392628
8192,2,0.39374998211860657,504828
8192,2,0.39625000953674316,596438
8192,2,0.3987500071525574,650629
8192,2,0.4012500047683716,652783
8192,2,0.4037500023841858,604513
8192,2,0.40625,512498
8192,2,0.4087499976158142,404201
8192,2,0.4112499952316284,291367
8192,2,0.4137499928474426,193305
8192,2,0.41624999046325684,117956
8192,2,0.41874998807907104,66043
8192,2,0.42124998569488525,34079
8192,2,0.42374998331069946,16303
8192,2,0.42624998092651367,7008
8192,2,0.4287499785423279,2812
8192,2,0.4312500059604645,1045
8192,2,0.4337500035762787,335
8192,2,0.4362500011920929,104
8192,2,0.4387499988079071,28
8192,2,0.4412499964237213,12
8192,2,0.4437499940395355,0
8192,2,0.44624999165534973,1
8192,2,0.44874998927116394,0
8192,2,0.45124998688697815,0
8192,2,0.45374998450279236,0
8192,2,0.45624998211860657,0
8192,2,0.4587499797344208,0
8192,2,0.4612500071525574,0
8192,2,0.4637500047683716,0
8192,2,0.4662500023841858,0
8192,2,0.46875,0
8192,2,0.4712499976158142,0
8192,2,0.4737499952316284,0
8192,2,0.4762499928474426,0
8192,2,0.47874999046325684,0
8192,2,0.48124998807907104,0
8192,2,0.48374998569488525,0
8192,2,0.48624998331069946,0
8192,2,0.48874998092651367,0
8192,2,0.4912499785423279,0
8192,2,0.4937500059604645,0
8192,2,0.4962500035762787,0
8192,2,0.4987500011920929,0
8192,2,0.5012500286102295,0
8192,2,0.5037499666213989,0
8192,2,0.5062500238418579,0
8192,2,0.5087499618530273,0
8192,2,0.5112500190734863,0
8192,2,0.5137499570846558,0
8192,2,0.5162500143051147,0
8192,2,0.5187499523162842,0
8192,2,0.5212500095367432,0
8192,2,0.5237499475479126,0
8192,2,0.5262500047683716,0
8192,2,0.528749942779541,0
8192,2,0.53125,0
8192,2,0.5337499380111694,0
8192,2,0.5362499952316284,0
8192,2,0.5387499332427979,0
8192,2,0.5412499904632568,0
8192,2,0.5437500476837158,0
8192,2,0.5462499856948853,0
8192,2,0.5487500429153442,0
8192,2,0.5512499809265137,0
8192,2,0.5537500381469727,0
8192,2,0.5562499761581421,0
8192,2,0.5587500333786011,0
8192,2,0.5612499713897705,0
8192,2,0.5637500286102295,0
8192,2,0.5662499666213989,0
8192,2,0.5687500238418579,0
8192,2,0.5712499618530273,0
8192,2,0.5737500190734863,0
8192,2,0.5762499570846558,0
8192,2,0.5787500143051147,0
8192,2,0.5812499523162842,0
8192,2,0.5837500095367432,0
8192,2,0.5862499475479126,0
8192,2,0.5887500047683716,0
8192,2,0.591249942779541,0
8192,2,0.59375,0
8192,2,0.5962499380111694,0
8192,2,0.5987499952316284,0
8192,2,0.6012499332427979,0
8192,2,0.6037499904632568,0
8192,2,0.6062500476837158,0
8192,2,0.6087499856948853,0
8192,2,0.6112500429153442,0
8192,2,0.6137499809265137,0
8192,2,0.6162500381469727,0
8192,2,0.6187499761581421,0
8192,2,0.6212500333786011,0
8192,2,0.6237499713897705,0
8192,2,0.6262500286102295,0
8192,2,0.6287499666213989,0
8192,2,0.6312500238418579,0
8192,2,0.6337499618530273,0
8192,2,0.6362500190734863,0
8192,2,0.6387499570846558,0
8192,2,0.6412500143051147,0
8192,2,0.6437499523162842,0
8192,2,0.6462500095367432,0
8192,2,0.6487499475479126,0
8192,2,0.6512500047683716,0
8192,2,0.653749942779541,0
8192,2,0.65625,0
8192,2,0.6587499380111694,0
8192,2,0.6612499952316284,0
8192,2,0.6637499332427979,0
8192,2,0.6662499904632568,0
8192,2,0.668749988079071,0
8192,2,0.6712499856948853,0
8192,2,0.6737500429153442,0
8192,2,0.6762499809265137,0
8192,2,0.6787500381469727,0
8192,2,0.6812499761581421,0
8192,2,0.6837500333786011,0
8192,2,0.6862499713897705,0
8192,2,0.6887500286102295,0
8192,2,0.6912499666213989,0
8192,2,0.6937500238418579,0
8192,2,0.6962499618530273,0
8192,2,0.6987500190734863,0
